A,a,2,1
Aa21Actuaractu02Ahoraahor13Alal24Ambasambas15Ambosambos16Anteante17Asumiendoasum18Asíasi69Broncesbronc010Chaplinchaplin011Comenzócomenz112Comicidadcomic113Comocom114Comparadacompar115Concon716Conformeconform117Cuandocuand318Cuantocuant119Dede420Descubrirdescubr021Desdedesd122Disneydisney123Dispuestodispuest124Dondedond125Elel1926Ellaella127Enen1428Entretantoentretant029Eses1030Eseese131Estaesta232Esteeste533Estoesto334Fourierfouri135Fuefue336Grimmgrimm037Haha138Hablandohabl139Haciahaci140Hicieronhic141Homerohomer042Impulsandoimpuls143Inclusoinclus144Industrialindustrial145Lala4746Lolo547Loslos348Marinettimarinetti049Mickeymickey150Mientrasmientr351Muchedumbresmuchedumbr152Nadanad153Ningúnningun154Nono155Nosotrosnosotr256Pareceparec157Pareceráparec158Peroper659Picassopicass060Platónplaton061Ponerpon162Porpor1263Porqueporqu264Precisamenteprecis265Producirproduc066Puespues067QUEque168Queque369Realmenterealment170Revolucionesrevolu171Revoluciónrevolu272Sese373Segúnsegun174Sisi475Sinsin376Susu277Sólosol178TIENEtien179Taltal380Tendríatendr181Tierratierr082Todastod283Todotod484Todostod185Unun186Unauna487Vamosvam188Variasvari189Yy490abandonadosabandon091abandonoabandon192abriríaabrir293abrióabri194absolutoabsolut295abstracciónabstraccion196accesibleacces197accesoriaaccesori098accionaccion099acciónaccion1100aceleraraceler1101aceptaracept1102acercaacerc1103aconteceacontec6104acontecenacontec1105acosenacos1106actitudactitud1107activacionesactiv1108activaciónactiv1109activaractiv1110actividadactiv1111actividadesactiv2112actoacto2113actosactos1114actuabaactu1115actualactual2116actualizaactualiz1117actuaractu1118acuerdoacuerd1119acumuladasacumul0120acumuladoacumul0121acumularacumul0122acuñamientoacuñ0123adaptaciónadapt0124adaptadoadapt2125adecuadaadecu0126adelantadoadelant2127admiraradmir0128adquieraadqu1129advenimientoadven1130afectaafect1131afectarafect1132afirmaafirm1133ahoraahor7134aireair1135alcancealcanc3136alcanzablesalcanz0137alcanzadoalcanz2138alemánaleman1139aletheiaalethei0140alguienalgui1141algunaalgun1142algúnalgun1143alientoalient1144alimentaaliment1145alimentaciónaliment0146alimentanaliment1147alláalla1148allíalli4149almacénalmacen1150altaalta1151alteradoalter2152altoalto1153alusiónalusion1154ambientalesambiental1155ambienteambient2156ambiguaambigu1157ambigüedadambigüed1158ambitoambit0159ambosambos0160amenazaamenaz6161amenazadoamenaz1162amenazaramenaz1163amenazarlaamenaz1164amontonenamonton1165amoramor0166ampliaciónampliacion0167ampliarseampli1168amplioampli1169ancestroancestr3170andamiosandami0171andrajosoandraj0172aniquilaciónaniquil1173ansiosaansios1174anterioresanterior0175anticuadoanticu1176antiguamenteantigu1177antinaturalantinatural0178antropológicaantropolog1179anunciaráanunci1180análisisanalisis1181aparatoaparat4182aparatosaparat4183apareceaparec1184apareceraparec1185apariciónaparicion3186aparienciaaparient3187apegadosapeg1188apegarnosapeg1189apenasapen2190aplicaaplic1191aplicaciónaplic1192aplicaraplic1193apliqueapliqu1194aportabaaport1195aportanaport1196apoyaapoy1197aprendeaprend1198apropiaapropi2199apropiadamenteapropi1200apropiadoramenteapropiador2201aproximadamenteaproxim1202aproximeaproxim1203apuntaapunt1204aquelaquel3205aquellaaquell1206aquellasaquell1207aquelloaquell3208aquellosaquell1209aquiaqui0210aquíaqu5211argumentarargument1212arrastrararrastr1213arsars0214artearte20215artesartes0216artesanaartesan1217artesanoartesan1218artesanosartesan0219artificialartificial0220artistaartist0221artisticosartist0222artísticaartist2223artísticamenteartist0224artístícopoéticoartisticopoet0225aseguradoasegur1226aspectoaspect1227aspiraciónaspir1228astuciaastuci1229asíasi11230atenciónatencion4231atraparatrap1232atrasadaatras1233atrasadoatras1234atraviesaatravies1235atrásatras0236atómicaatom0237aumentanaument1238aunaun1239aunqueaunqu2240auraaur1241autenticidadautent4242autenticoautent0243autoenajenaciónautoenajen1244autorautor1245autoridadautor2246autoríaautor0247autónomasautonom0248avanceavanc1249avancesavanc1250avanzadaavanz2251avionesavion1252ayudaayud1253azulazul1254aéreoaere0255aúnaun1256bajobaj2257basabas2258bellasbell1259bellobell0260beneficiosbenefici1261bestialidadbestial1262bienbien6263biológicosbiolog1264bordebord1265brevebrev1266brotarbrot3267bruscabrusc1268buscabusc1269buscarlobusc2270buscásemosbusc1271cadacad2272calculablecalcul1273calidadcalid1274calificacalif1275calladacall1276callarcall1277cambiacambi1278cambiadocambi1279cambiarcambi0280cambiocambi3281caminacamin1282caminocamin6283campocamp5284capacidadcapac3285capazcapaz2286captarcapt2287caracar1288caracterizacaracteriz2289caracterizarcaracteriz1290cargacarg1291caráctercaract4292casocas2293casoscas1294castradascastr0295casualcasual1296causacaus4297causalidadcausal1298causascaus0299caídocaid1300charlacharl1301cienciacienci3302cientoscient1303científicacientif1304cierracierr1305ciertaciert1306ciertasciert1307ciertociert1308cinecin1309cinematograficocinematograf0310cinematográficascinematograf0311cinematográficocinematograf1312citadocit1313claramenteclar2314claseclas1315colateralescolateral1316colectivocolect2317colorcolor1318combinacióncombin2319comencemoscomenc1320comienzoscomienz1321comparacomp1322competenciacompetent1323completacomplet1324completamentecomplet1325completarcomplet1326completocomplet2327componencompon1328componentescomponent1329comportamientocomport7330comunidadescomun3331comunismocomun1332comúncomun0333concebirconceb2334concentraconcentr1335concentracionesconcentr1336concepciónconcepcion1337conceptoconcept1338concertadaconcert1339concibamosconcib1340concierneconciern1341condicionescondicion1342conducidoconduc1343conexiónconexion3344confeccionarconfeccion0345confiadaconfi1346confiadorconfiador0347confianzaconfianz0348conflictoconflict1349conformeconform1350confundidaconfund2351conjuntoconjunt2352conmemoradoramenteconmemorador0353conoceconoc1354conocemosconoc1355conocerconoc0356conocidaconoc0357conocieronconoc1358conquistaconquist1359conquistarconquist1360conquistasconquist1361conscienteconscient1362conservaconserv1363consideraconsider2364consideraciónconsider1365consideramosconsider2366considerandoconsider1367considerarconsider1368consiguienteconsiguient0369consistecons2370consistenciaconsistent1371consistenteconsistent1372constanteconstant0373constelaciónconstel0374constituciónconstitu1375constituidoconstitu1376constituyeconstitu1377construcciónconstruccion1378consumidoresconsumidor1379consumoconsum0380contarsecont1381contemplacióncontempl3382contenidosconten1383contextocontext1384continuamentecontinu1385continúacontinu1386contradictoriocontradictori1387contradigacontradig0388contrariocontrari1389controlcontrol4390convertidasconvert1391convertidoconvert1392convertirconvert2393convertirseconvert1394convierteconviert2395cooperacióncooper1396copacop1397corporizadacorporiz1398correctocorrect0399correspondecorrespond2400correspondercorrespond1401cosacos2402cosascos3403costecost1404costumbrescostumbr0405cotidianacotidian0406creacióncreacion1407creadocre1408creandocre1409crececrec1410crecidocrec1411crecientecrecient3412crecientementecrecient1413creercre1414criteriocriteri1415cualescual1416cualitativamentecualit1417cualquiercualqui3418cuantitativocuantit1419cuantocuant14420cuatrocuatr1421cuentoscuent1422cuerpocuerp2423cuestionescuestion1424culminanculmin1425culminanteculmin2426culpaculp1427cultivadacultiv1428culturalcultural1429cuotacuot1430custodiarcustodi1431custodiemoscustodi1432cuyacuy2433cuyascuy1434cuyocuy1435cuyoscuy1436cuálcual1437cuáncuan1438códigoscodig1439cómicoscomic1440cómocom1441dadadad0442dadodad0443danzantesdanzant1444dardar2445datosdat1446debedeb1447debemosdeb2448deberíadeb1449debilitardebilit1450debíandeb1451decirdec2452decisionesdecision1453decisivadecis2454decisivodecis1455dediquemosdediqu1456degeneradoresdegener1457dejandej1458dejardej1459delimitadosdelimit0460demasiadodemasi1461demoniodemoni1462demásdemas2463dentrodentr4464dependedepend2465dependendepend1466deportedeport0467deportivodeport1468derribarderrib1469desaparecedesaparec1470desarrolladesarroll0471desarrolladadesarroll1472desarrollardesarroll1473desarrollodesarroll5474descansadescans1475descubiertodescubiert1476descubrendescubr1477desembocardesemboc1478desempeñosdesempeñ1479desempleodesemple1480deseodese1481desintegradadesintegr1482desocultadesocult2483desocultadodesocult1484desocultamientodesocult2485desocultardesocult12486desplazamientodesplaz1487despliegadesplieg3488destacadestac1489destinadestin1490destinadosdestin1491destinodestin5492destruccionesdestruccion1493destruccióndestruccion1494desvalorizandesvaloriz1495desveladodesvel1496desvelamientodesvel1497determinadetermin3498determinacióndetermin1499determinadadetermin1500determinadodetermin1501determinadosdetermin1502devienedevien1503devotadevot0504diadia0505dialécticadialect0506diariadiari0507dicedic3508dichodich1509dictaminadordictamin1510diferenciadiferent2511diferentediferent1512diferentesdiferent3513dificultadesdificultad1514dignadign1515dilucidacióndilucid1516diosesdios2517direccióndireccion0518discrepanciadiscrep1519discutiblediscut1520diseñadodiseñ1521disponedispon1522disposicióndisposicion1523dispuestodispuest1524distanciadistanci1525distincióndistincion2526distinguirsedistingu1527distinguíadistingu1528distintasdistint1529distintodistint2530divinadivin1531diálogodialog1532documentodocument1533domesticadasdomestic1534dominadomin3535dominardomin1536dominarladomin3537dominiodomini4538dondedond5539dosdos4540dotadadot1541dudadud0542duplicaciónduplic1543décadasdec1544díadia0545díasdias1546economíaeconom1547económicaeconom1548económicamenteeconom1549económicoseconom1550educacióneduc1551efectivasefect1552efectoefect0553efectosefect0554efectuarefectu0555efficiensefficiens0556eficazmenteeficaz0557ejecuciónejecu1558ejemploejempl1559ejemplosejempl1560ejercitamientoejercit1561ejércitosejercit0562elegireleg1563elementaleselemental1564elementoelement1565elevadoelev3566eliminarelimin1567ellaella4568elloello5569emancipaciónemancip1570emancipadoemancip1571embargoembarg0572embelesadosembeles1573empezóempez1574empujaempuj1575empíricosempir1576encajarencaj1577encargarencarg0578encontramosencontr2579encontrarencontr1580encontróencontr1581encuentraencuentr4582encuentreencuentr1583energíaenerg3584energíasenerg2585enfocadoenfoc1586engañosaengañ0587enojosaenoj0588enraizadoenraiz1589enraízaenraiz1590enredadoenred1591enseñaenseñ1592enteramenteenter1593enteroenter1594enterradasenterr1595entoncesentonc5596entornoentorn0597entraentra1598entradaentrad1599entregaentreg1600entregueentreg1601epistemeepistem0602errorerror1603eses85604escalaescal1605escapaescap1606escaparescap2607escasezescasez1608escribeescrib0609escribíanescrib0610esenciaesenci28611esenteesent1612esferaesfer1613esfuerzosesfuerz2614esoeso3615espantoespant1616espantososespant0617especialespecial3618especializadaespecializ1619especializadoespecializ1620especialmenteespecial1621espectadorespect0622espectroespectr1623esperaesper0624esperaresper2625esquemasesquem1626estaesta9627estableceestablec1628establecedorestablecedor1629establecerestablec6630establecienteestablecient0631establezcaestablezc1632estandarestand0633estetizaciónestetiz2634estoesto11635estosestos0636estrechaestrech1637estrechamenteestrech1638estrechamientoestrech1639estribaestrib3640estructuraestructur1641estudioestudi2642estéticaestet1643estéticoestet1644eternamenteetern1645eternidadetern0646eternosetern1647europeoeurope1648evolucionarevolucion1649exactaexact0650exageradaexager0651exhibiciónexhibicion0652exhibidaexhib1653exhibidosexhib1654exigenciaexigent1655exigenciasexigent2656existeexist3657existenciaexistent2658existenciasexistent1659existirexist1660expansiónexpansion1661experienciaexperient1662experimentalexperimental1663experimentamosexperiment1664experimentarexperiment2665experimentaremosexperiment1666experimentaráexperiment1667experimentoexperiment1668expertoexpert0669explicaexplic1670explotadasexplot1671exposiciónexposicion1672expresaexpres3673expresiónexpresion1674extensiónextension0675exteriorexterior1676extiendeextiend2677extrañoextrañ1678extremadamenteextrem1679extremadoextrem1680facilidadfacil1681fallarfall1682falsafals1683falsificacionfalsificacion0684familiarfamili0685familiaresfamiliar1686fascismofascism1687favorfavor1688favorecefavorec1689fefe1690fenómenosfenomen1691festivasfestiv0692figurafigur5693filmfilm0694filmaciónlafilmacionl0695filmsfilms0696finfin1697finalidadfinal1698finalidadesfinal1699finalisfinalis0700florflor1701florecerflorec0702floresflor1703formaform4704formulaformul2705formularformul1706fortalecefortalec1707fortalecimientofortalec1708forzadaforz1709fotográficofotograf1710frecuentementefrecuent1711frenesífrenes1712frentefrent5713fructuosafructuos1714fuentefuent1715fuentesfuent1716fuertesfuert1717fuerzafuerz1718fuerzasfuerz5719funcionalfuncional1720funcionamientofuncion1721funcionarfuncion1722funcionesfuncion1723funciónfuncion4724fundamentaciónfundament3725fundamentalfundamental1726fundamentofundament1727fácilfacil2728fácilmentefacil1729físicafisic4730físicofisic1731galeríasgal1732generalgeneral1733gentegent4734gigantescagigantesc0735gigantescasgigantesc0736gigantescosgigantesc1737gobiernogobiern0738gocegoc1739grabacionesgrabacion1740grabacióngrabacion2741grabadagrab0742graciasgraci2743gradograd2744grangran2745grandesgrand3746griegosgrieg2747grotescagrotesc1748guerraguerr8749guiadogui1750guiargui1751guíagui2752habersehab1753habiahabi0754habriahabri0755hacehac9756hacerhac5757hacerlahac1758haciahaci6759hacíanhac1760haráhar0761hayhay9762hechashech1763hechohech5764hechoshech1765hechurahechur1766heredadahered0767heredadashered1768herramientasherramient1769historiahistori1770historiografíahistoriograf0771históricamentehistor1772históricohistor1773hombrehombr28774hooliganshooligans1775hostilidadhostil0776hoyhoy1777humanahuman4778humanamentehuman0779humanashuman0780humanidadhuman0781humanohuman10782humanoshuman1783ideaide1784idealideal2785identicoident0786identificaciónidentif1787ideologíaideolog3788igualigual1789igualaciónigual1790imagenimag3791imaginativaimagin0792imitacionimitacion0793imperaimper2794imperanteimper1795imperarimper3796imperialistaimperial1797imperiosamenteimperi1798implicaimplic1799importanciaimport2800importanteimport1801importantesimport1802imposiblesimpos1803imprecisaimprecis1804impuestoimpuest2805imágenesimagen1806inauguradasinaugur1807incansableincans1808inclusoinclus2809incomparableincompar1810inconscienteinconscient0811incrementoincrement1812indagaciónindag1813indefinidamenteindefinid1814independienteindependient1815indestructibleindestruct1816indicaindic1817indicioindici1818individualindividual2819individuoindividu2820individuosindividu1821industriaindustri2822industrialindustrial2823influirinflu1824ingenuosingenu1825iniciainici1826inicialinicial0827inmediatainmediat2828inmediatamenteinmediat2829innovacionesinnov1830innumerablesinnumer1831insinúainsinu1832institucionesinstitu0833instrumentalinstrumental2834instrumentoinstrument2835insuficienteinsuficient1836intactaintact1837integralintegral1838intenciónintencion3839intensidadintens1840intentamosintent1841intentosintent2842interaccióninteraccion2843intercaladaintercal0844interesainteres1845interioridadinterior1846intermitentementeintermitent1847interrogadoramenteinterrogador1848intervalosinterval1849interésinteres1850introducciónintroduccion1851introduceintroduc1852introducidointroduc2853inventarinvent1854inverosímilinverosimil1855inversamenteinvers0856inversoinvers0857investigainvestig1858investigacióninvestig0859invierteinviert1860involucrainvolucr1861inéditoinedit0862irremediableirremedi1863izquierdismoizquierd1864jamásjamas1865juegajueg1866juegojueg1867juntojunt1868juntosjunt0869justificarjustific1870laborallaboral0871labranzalabranz1872labrarlabr0873ladolad0874largalarg2875largolarg3876largoslarg1877lartlart0878lazoslaz1879lectorlector1880lectoreslector2881lenguajelenguaj0882leyley1883leyesley1884liberaliber1885liberaciónliber2886liberarliber1887libertadlibert10888librelibr3889liquidaciónliquid1890listolist1891literarialiterari1892llamallam1893llamadallam1894llamamosllam2895llamóllam1896llegalleg4897llegadolleg1898llevallev3899llevarllev1900llevarlallev1901llevaronllev1902llevóllev1903locallocal0904localeslocal2905logrólogr1906luchandoluch1907lugarlug9908lunalun1909luzluz2910límiteslimit3911línealine1912lógicalogic1913maduramadur1914magiamagi1915malmal0916manejarmanej1917maneramaner17918manerasmaner1919manifestacionesmanifest1920manifiestomanifiest1921manipularmanipul0922manoman1923mantenimientomanten2924mantienemantien1925manualmanual0926marchamarch1927marchitamarchit1928masmas0929masamas2930masasmas4931masivamasiv1932masivosmasiv1933materialmaterial3934materialesmaterial1935mayoríamayor1936mecánicamecan1937mediantemediant2938medidamed2939medievalesmedieval1940mediomedi10941mediosmedi4942meditarmedit1943meditemosmedit2944mejormejor1945menormenor0946menosmen5947mentement1948meramer1949meromer1950metamet2951metafísicametafis0952metasmet1953mientrasmientr5954milmil1955milesmil1956mineralesmineral0957miramir1958miradamir1959mismamism4960mismasmism2961mismomism15962misteriomisteri2963misteriosomisteri1964modelamodel1965modernamodern13966modificadamodific1967modificadomodific1968modificandomodific1969modomod14970modosmod4971momentomoment3972monedasmoned1973montajemontaj1974mortíferomortifer0975mostrarmostr1976motorizadamotoriz1977movilizarmoviliz1978movimientosmovimient3979muchasmuch1980muertemuert0981muestramuestr4982muestranmuestr1983multiplicarmultiplic1984mundomund2985mundusmundus0986mágicamagic1987mágicasmagic1988mágicomagic0989máquinasmaquin1990métodosmetod2991nacionalismonacional1992nadienadi1993naturalnatural4994naturalesnatural1995naturalezanaturalez9996necesarianecesari1997necesarionecesari1998necesidadneces1999necesidadesneces31000necesitanecesit11001negarseneg11002nini61003ningunaningun31004ningúnningun21005nitrógenonitrogen01006niñoniñ11007niñosniñ01008nombrenombr41009nombresnombr11010nosnos91011nosotrosnosotr71012noticierosnoticier11013novecientosnovecient11014nuestranuestr41015nuevanuev21016nuevamentenuev11017nuevasnuev21018nuevonuev21019nuevosnuev11020nuncanunc41021núcleonucle21022númeronumer11023obedienciaobedient11024obedienteobedient11025objetoobjet91026objetosobjet31027obraobra141028obrasobras31029observarobserv21030obtenerobten21031ocasionalmenteocasional01032ocultaocult11033ocultamientoocult01034ocultasocult11035ofrecerleofrec11036ofrecíanofrec11037ojoojo21038olímpicosolimp01039omitiremosomit11040omniabarcanteomniabarc11041operacionesoper11042operaciónoper11043opondríamosopondr11044opongaopong11045oportunidadoportun11046oportunidadesoportun11047ordenorden11048ordenamientoorden11049organizacionesorganiz11050organizaciónorganiz01051organizarseorganiz11052origenorig11053originaloriginal21054originariamenteoriginari11055originariooriginari11056otraotra31057otrasotras71058otrootro21059pacíficospacif11060paisajepaisaj11061palabrapalabr31062palabraspalabr41063paradaspar11064parasitariaparasitari11065pareceparec31066parecerparec01067parecidaparec11068parecidoparec01069partepart41070partespart41071participaparticip11072partirpart31073pasapas11074pasadopas11075pasópas11076pavoneapavone11077paíspais11078peculiarpeculi21079peligropeligr41080peligrosopeligr11081pelotapelot01082películapelicul31083películaspelicul31084penetradopenetr11085pensamospens11086pensarpens11087pensemospens11088pequeñapequeñ11089pequeñaspequeñ11090percepciónpercepcion11091perceptiblepercept11092perderperd11093pereatpereat11094perfeccionadaperfeccion11095perfectaperfect11096periciaperici11097permanecerpermanec21098permanenciapermanent11099permanentepermanent11100permanentespermanent11101permitepermit11102permitiapermiti01103permitirpermit11104persecuciónpersecu11105perseguirpersegu11106personalpersonal11107personalmentepersonal11108personasperson21109perspectivaperspect11110pertenecepertenec31111pertenecíapertenec11112pertenenciapertenent21113pesopes21114pesquisaspesquis11115physisphysis01116pinturapintur11117placerplac11118plataplat01119plenaplen21120podamospod11121podemospod21122poderpod41123poderosapoder11124podidopod11125podíanpod11126poesíapoes01127poetapoet11128pogromospogrom11129poieispoieis01130poiesispoiesis01131poiéticopoietic01132politizaciónpolitiz11133politécnicapolitecn01134polospol11135políticapolit31136ponepon121137ponerpon21138porquéporqu11139posibilidadposibil31140posibleposibl31141posiciónposicion11142pourpour11143poéticopoetic01144praxispraxis01145precariaprecari11146precisamenteprecis41147precisoprecis11148precondiciónprecondicion11149prefiguraciónprefigur11150preguntapregunt31151preguntamospregunt11152preguntandopregunt11153preguntarpregunt11154prehistóricosprehistor21155premisaspremis11156prensaprens21157preparaciónprepar01158presenciapresenci51159presentapresent31160presentarlapresent11161presentepresent21162preservamospreserv11163presionanpresion11164prestamosprest21165prestarprest11166prestemosprest11167pretenderpretend11168pretendidamentepretendid11169prevenirlapreven11170preverprev11171previamenteprevi11172primerprim41173primeraprimer101174primerasprimer11175principalprincipal11176principalmenteprincipal21177principioprincipi01178privadopriv11179probableprobabl11180probablementeprobabl11181problemasproblem21182procedimientoproced21183procedimientosproced31184procesoproces71185producciónproduccion51186producidoproduc01187producirproduc41188productivasproduct21189productoproduct11190productosproduct11191producíaproduc01192profesionalprofesional01193profundamenteprofund11194profundasprofund11195profundoprofund01196progresistaprogres11197progresivoprogres11198progresoprogres21199prohibidoprohib11200prolongaciónprolong11201promosprom01202promotorpromotor11203prontopront11204propagandapropagand11205propagandísticapropagandist11206propagarpropag11207propiapropi21208propiedadpropied11209propiedadespropiedad21210propiopropi11211proporcionanproporcion11212proporcionarproporcion11213propósitoproposit01214protecciónproteccion11215protegerproteg11216provacadoprovac01217provacanteprovac01218provocaprovoc11219provocaciónprovoc01220provocadoprovoc01221provocarprovoc11222proyectilesproyectil01223pruebaprueb11224prácticapractic11225próximasproxim11226próximoproxim11227psicológicamentepsicolog01228psicológicaspsicolog01229psicológicospsicolog01230publicarpublic11231pudierapud11232puedapued41233puedanpued21234puedepued201235puedenpued21236puespues01237puestapuest21238puestopuest31239puntopunt61240purapur11241puropur11242pusopus11243pájaropajar01244pálidapal11245pérdidaperd11246públicopublic21247queque1891248quedaqued11249quererquer31250quierequier41251quintaesenciaquintaesent11252quizásquizas21253quéque41254químicaquimic11255racionalidadracional21256radicalmenteradical31257rasgorasg11258rasgosrasg01259ratónraton11260razaraz11261razonesrazon01262razónrazon31263rere21264reaccionareaccion11265reaccionesreaccion11266reactivarsereactiv01267realreal61268realesreal01269realidadrealid21270realizaciónrealiz11271realizarrealiz11272realmenterealment11273rebajarserebaj11274rebeliónrebelion11275recaereca11276recaíarec11277recepciónrecepcion11278receptorreceptor11279receptoresreceptor01280rechazarlorechaz01281recibiórecib11282recintorecint11283reclamadoreclam11284reclamoreclam01285reconciliereconcili11286reconocereconoc11287reconocidareconoc11288reconocidoreconoc11289rectarect11290recuperarecuper11291recursosrecurs11292reducereduc11293referidarefer11294refiererefier11295reformadareform11296reformarsereform11297reformistareform01298regulaciónregul11299regularregul11300rehusarserehus11301relacionesrelacion21302relaciónrelacion31303religiosareligi11304renuevarenuev11305renuncierenunci11306reparterepart11307repartidorepart21308repartirrepart01309repetidosrepet01310reportajereportaj11311reposarepos11312representacionesrepresent11313representanrepresent31314representemosrepresent11315reproduccionreproduccion01316reproduccionesreproduccion11317reproducciónreproduccion81318reproducidoreproduc11319reproducirreproduc11320reproductibilidadreproductibil51321requeridarequer11322requerimientosrequer11323requerirrequer01324requierenrequier11325resacaresac11326resaltarseresalt01327rescatarrescat11328resistenciaresistent11329respectorespect21330resplandecerresplandec11331responderespond11332responderrespond11333respuestarespuest11334restantesrestant11335restriccionesrestriccion11336restringirrestring11337resultaresult31338resultadoresult11339resultadosresult01340retenidareten11341retiradoretir11342retroactuanretroactu01343retrocediendoretroced11344retrotraerseretrotr11345reunidorreunidor11346reunientereunient11347revolucionariasrevolucionari01348revolucionariorevolucionari01349revolucionesrevolu11350revoluciónrevolu11351reúnereun11352ritmosritm01353ritualritual11354ritual29ritual2901355rodamientosrodamient01356romperromp11357rígidamenterigid11358sabersab11359saberlosab01360sacasac21361sacrificandosacrific11362sacrificarsacrific11363sacrificiosacrifici21364salonessalon01365salvadorsalvador11366satisfacciónsatisfaccion11367satisfechasatisfech01368schickenschick11369secasec01370segmentosegment11371segundasegund131372segundosegund11373segurosegur11374segúnsegun11375selecciónseleccion11376semanalessemanal01377semiexpertosemiexpert01378sencillosencill11379senosen11380sensitivosensit11381sensorialsensorial11382sentidosent81383separasep11384serser191385seresser21386seriamenteseri01387serieseri01388servicioservici31389servidumbreservidumbr11390severasever11391señorseñor11392sisi121393sidosid21394siempresiempr21395siendosiend11396significasignif51397significaciónsignif21398siguesig11399siguientesiguient11400simplesimpl31401simplementesimplement21402singularsingul11403sinosin91404sinobjetosinobjet01405sintomáticosintomat01406siquierasiqu11407sistemasistem141408situaciónsituacion31409sobrenaturalsobrenatural11410sobresalientesobresalient11411sobrevivasobrev11412sobrevivirsobreviv01413socialsocial61414socialessocial31415sociedadsocied201416sociedadessociedad11417solasol11418solamentesol21419solosol01420soluciónsolucion01421sometersomet11422sometersesomet11423sonorosonor11424subrayasubray11425sucedesuced11426suelosuel11427suertesuert11428suficientementesuficient11429sugerentesugerent11430sugerirásuger11431sujetosujet11432sumisiónsumision11433supervisarsesupervis11434supremosuprem11435supuestosupuest31436supuestossupuest11437surgimientosurgimient11438surrealismosurreal01439susceptiblesuscept11440sustituidasustitu11441sustitutivosustitut11442sustitutoriassustitutori11443suyosuy01444sísi111445sólosol281446taltal81447talestal11448tambaleatambale11449tambiéntambien91450tampocotampoc21451tantan41452tantatant21453tantotant71454tardetard31455technetechn51456tecnicatecnic01457tecnologíatecnolog131458tecnológicatecnolog31459tecnológicamentetecnolog11460tecnológicastecnolog01461tecnológicotecnolog51462tecnológicoindustrialtecnologicoindustrial01463teledirigidosteledirig01464tendenciatendenci31465tendencialtendencial11466tensióntension21467teoríateor01468terracotasterracot11469terroríficosterrorif11470testificamostestific11471testimoniotestimoni21472tiempotiemp01473tiempostiemp31474tiendetiend11475tienentien21476tipotip21477tocatoc11478tocadotoc11479todatod31480todastod71481todavíatodav41482todotod151483tolerartoler11484tomatom11485tomartom21486tomarlotom11487totalidadtotal11488totalitariatotalitari11489trabajotrabaj51490tradiciontradicion01491tradicióntradicion11492traertra21493tranquilamentetranquil11494transformatransform11495transformacionestransform01496transformacióntransform11497transformadatransform11498transformadotransform01499transformartransform01500transmitidotransmit11501traspasartraspas11502trastornadotrastorn01503tratatrat41504tratotrat11505travéstraves51506trayectoriatrayectori01507tripulacióntripul11508tráficotrafic21509técnicatecnic661510técnicamentetecnic01511técnicastecnic11512técnicotecnic11513técnicostecnic21514tétricotetric11515uu11516unasunas11517unicaunic01518unidaunid01519unificadounific11520uniformeuniform11521uraniourani01522urgenteurgent01523usarlausarl01524usosusos11525utilidadutil11526utilizaciónutiliz31527utópicasutop01528vava11529vaciadovaci11530vacuosvacu11531valeval11532validoval11533valiosavalios11534valorvalor21535valoresvalor11536vamosvam11537vanvan11538variarvari11539variedadvaried11540varillajesvarillaj01541veve21542verver21543verdadverd21544vezvez61545vidavid31546vidasvid11547viejaviej11548vienevien11549violentoviolent11550virtudvirtud11551visiónvision11552vistavist21553vitalesvital11554vivenciavivenci11555vivirviv11556vuelcavuelc11557vuelovuel11558vueltovuelt31559vuelvavuelv11560vuelvevuelv41561válidoval01562víavia11563yy1071564Éstaesta21565Ésteeste11566ámbitoambit91567árbolarbol11568árbolesarbol01569élel51570épocaepoc11571éstaesta31572ésteeste21573éticosetic01574éxitoexit11575íntimaintim11576íntimamenteintim11577órganoorgan11578órganosorgan21579últimaultim11580últimasultim21581últimoultim11582únicaunic11583únicamenteunic11584únicasunic21585únicounic21586,aa21actuaractu02ahoraahor13alal24ambasambas15ambosambos16anteante17asumiendoasum18asiasi69broncesbronc010chaplinchaplin011comenzocomenz112comicidadcomic113comocom114comparadacompar115concon716conformeconform117cuandocuand318cuantocuant119dede420descubrirdescubr021desdedesd122disneydisney123dispuestodispuest124dondedond125elel1926ellaella127enen1428entretantoentretant029eses1030eseese131estaesta232esteeste533estoesto334fourierfouri135fuefue336grimmgrimm037haha138hablandohabl139haciahaci140hicieronhic141homerohomer042impulsandoimpuls143inclusoinclus144industrialindustrial145lala4746lolo547loslos348marinettimarinetti049mickeymickey150mientrasmientr351muchedumbresmuchedumbr152nadanad153ningunningun154nono155nosotrosnosotr256pareceparec157pareceraparec158peroper659picassopicass060platonplaton061ponerpon162porpor1263porqueporqu264precisamenteprecis265producirproduc066puespues067queque168queque369realmenterealment170revolucionesrevolu171revolucionrevolu272sese373segunsegun174sisi475sinsin376susu277solosol178tienetien179taltal380tendriatendr181tierratierr082todastod283todotod484todostod185unun186unauna487vamosvam188variasvari189yy490abandonadosabandon091abandonoabandon192abririaabrir293abrioabri194absolutoabsolut295abstraccionabstraccion196accesibleacces197accesoriaaccesori098accionaccion099accionaccion1100aceleraraceler1101aceptaracept1102acercaacerc1103aconteceacontec6104acontecenacontec1105acosenacos1106actitudactitud1107activacionesactiv1108activacionactiv1109activaractiv1110actividadactiv1111actividadesactiv2112actoacto2113actosactos1114actuabaactu1115actualactual2116actualizaactualiz1117actuaractu1118acuerdoacuerd1119acumuladasacumul0120acumuladoacumul0121acumularacumul0122acuñamientoacuñ0123adaptacionadapt0124adaptadoadapt2125adecuadaadecu0126adelantadoadelant2127admiraradmir0128adquieraadqu1129advenimientoadven1130afectaafect1131afectarafect1132afirmaafirm1133ahoraahor7134aireair1135alcancealcanc3136alcanzablesalcanz0137alcanzadoalcanz2138alemanaleman1139aletheiaalethei0140alguienalgui1141algunaalgun1142algunalgun1143alientoalient1144alimentaaliment1145alimentacionaliment0146alimentanaliment1147allaalla1148allialli4149almacenalmacen1150altaalta1151alteradoalter2152altoalto1153alusionalusion1154ambientalesambiental1155ambienteambient2156ambiguaambigu1157ambigüedadambigüed1158ambitoambit0159ambosambos0160amenazaamenaz6161amenazadoamenaz1162amenazaramenaz1163amenazarlaamenaz1164amontonenamonton1165amoramor0166ampliacionampliacion0167ampliarseampli1168amplioampli1169ancestroancestr3170andamiosandami0171andrajosoandraj0172aniquilacionaniquil1173ansiosaansios1174anterioresanterior0175anticuadoanticu1176antiguamenteantigu1177antinaturalantinatural0178antropologicaantropolog1179anunciaraanunci1180analisisanalisis1181aparatoaparat4182aparatosaparat4183apareceaparec1184apareceraparec1185aparicionaparicion3186aparienciaaparient3187apegadosapeg1188apegarnosapeg1189apenasapen2190aplicaaplic1191aplicacionaplic1192aplicaraplic1193apliqueapliqu1194aportabaaport1195aportanaport1196apoyaapoy1197aprendeaprend1198apropiaapropi2199apropiadamenteapropi1200apropiadoramenteapropiador2201aproximadamenteaproxim1202aproximeaproxim1203apuntaapunt1204aquelaquel3205aquellaaquell1206aquellasaquell1207aquelloaquell3208aquellosaquell1209aquiaqui0210aquiaqu5211argumentarargument1212arrastrararrastr1213arsars0214artearte20215artesartes0216artesanaartesan1217artesanoartesan1218artesanosartesan0219artificialartificial0220artistaartist0221artisticosartist0222artisticaartist2223artisticamenteartist0224artisticopoeticoartisticopoet0225aseguradoasegur1226aspectoaspect1227aspiracionaspir1228astuciaastuci1229asiasi11230atencionatencion4231atraparatrap1232atrasadaatras1233atrasadoatras1234atraviesaatravies1235atrasatras0236atomicaatom0237aumentanaument1238aunaun1239aunqueaunqu2240auraaur1241autenticidadautent4242autenticoautent0243autoenajenacionautoenajen1244autorautor1245autoridadautor2246autoriaautor0247autonomasautonom0248avanceavanc1249avancesavanc1250avanzadaavanz2251avionesavion1252ayudaayud1253azulazul1254aereoaere0255aunaun1256bajobaj2257basabas2258bellasbell1259bellobell0260beneficiosbenefici1261bestialidadbestial1262bienbien6263biologicosbiolog1264bordebord1265brevebrev1266brotarbrot3267bruscabrusc1268buscabusc1269buscarlobusc2270buscasemosbusc1271cadacad2272calculablecalcul1273calidadcalid1274calificacalif1275calladacall1276callarcall1277cambiacambi1278cambiadocambi1279cambiarcambi0280cambiocambi3281caminacamin1282caminocamin6283campocamp5284capacidadcapac3285capazcapaz2286captarcapt2287caracar1288caracterizacaracteriz2289caracterizarcaracteriz1290cargacarg1291caractercaract4292casocas2293casoscas1294castradascastr0295casualcasual1296causacaus4297causalidadcausal1298causascaus0299caidocaid1300charlacharl1301cienciacienci3302cientoscient1303cientificacientif1304cierracierr1305ciertaciert1306ciertasciert1307ciertociert1308cinecin1309cinematograficocinematograf0310cinematograficascinematograf0311cinematograficocinematograf1312citadocit1313claramenteclar2314claseclas1315colateralescolateral1316colectivocolect2317colorcolor1318combinacioncombin2319comencemoscomenc1320comienzoscomienz1321comparacomp1322competenciacompetent1323completacomplet1324completamentecomplet1325completarcomplet1326completocomplet2327componencompon1328componentescomponent1329comportamientocomport7330comunidadescomun3331comunismocomun1332comuncomun0333concebirconceb2334concentraconcentr1335concentracionesconcentr1336concepcionconcepcion1337conceptoconcept1338concertadaconcert1339concibamosconcib1340concierneconciern1341condicionescondicion1342conducidoconduc1343conexionconexion3344confeccionarconfeccion0345confiadaconfi1346confiadorconfiador0347confianzaconfianz0348conflictoconflict1349conformeconform1350confundidaconfund2351conjuntoconjunt2352conmemoradoramenteconmemorador0353conoceconoc1354conocemosconoc1355conocerconoc0356conocidaconoc0357conocieronconoc1358conquistaconquist1359conquistarconquist1360conquistasconquist1361conscienteconscient1362conservaconserv1363consideraconsider2364consideracionconsider1365consideramosconsider2366considerandoconsider1367considerarconsider1368consiguienteconsiguient0369consistecons2370consistenciaconsistent1371consistenteconsistent1372constanteconstant0373constelacionconstel0374constitucionconstitu1375constituidoconstitu1376constituyeconstitu1377construccionconstruccion1378consumidoresconsumidor1379consumoconsum0380contarsecont1381contemplacioncontempl3382contenidosconten1383contextocontext1384continuamentecontinu1385continuacontinu1386contradictoriocontradictori1387contradigacontradig0388contrariocontrari1389controlcontrol4390convertidasconvert1391convertidoconvert1392convertirconvert2393convertirseconvert1394convierteconviert2395cooperacioncooper1396copacop1397corporizadacorporiz1398correctocorrect0399correspondecorrespond2400correspondercorrespond1401cosacos2402cosascos3403costecost1404costumbrescostumbr0405cotidianacotidian0406creacioncreacion1407creadocre1408creandocre1409crececrec1410crecidocrec1411crecientecrecient3412crecientementecrecient1413creercre1414criteriocriteri1415cualescual1416cualitativamentecualit1417cualquiercualqui3418cuantitativocuantit1419cuantocuant14420cuatrocuatr1421cuentoscuent1422cuerpocuerp2423cuestionescuestion1424culminanculmin1425culminanteculmin2426culpaculp1427cultivadacultiv1428culturalcultural1429cuotacuot1430custodiarcustodi1431custodiemoscustodi1432cuyacuy2433cuyascuy1434cuyocuy1435cuyoscuy1436cualcual1437cuancuan1438codigoscodig1439comicoscomic1440comocom1441dadadad0442dadodad0443danzantesdanzant1444dardar2445datosdat1446debedeb1447debemosdeb2448deberiadeb1449debilitardebilit1450debiandeb1451decirdec2452decisionesdecision1453decisivadecis2454decisivodecis1455dediquemosdediqu1456degeneradoresdegener1457dejandej1458dejardej1459delimitadosdelimit0460demasiadodemasi1461demoniodemoni1462demasdemas2463dentrodentr4464dependedepend2465dependendepend1466deportedeport0467deportivodeport1468derribarderrib1469desaparecedesaparec1470desarrolladesarroll0471desarrolladadesarroll1472desarrollardesarroll1473desarrollodesarroll5474descansadescans1475descubiertodescubiert1476descubrendescubr1477desembocardesemboc1478desempeñosdesempeñ1479desempleodesemple1480deseodese1481desintegradadesintegr1482desocultadesocult2483desocultadodesocult1484desocultamientodesocult2485desocultardesocult12486desplazamientodesplaz1487despliegadesplieg3488destacadestac1489destinadestin1490destinadosdestin1491destinodestin5492destruccionesdestruccion1493destrucciondestruccion1494desvalorizandesvaloriz1495desveladodesvel1496desvelamientodesvel1497determinadetermin3498determinaciondetermin1499determinadadetermin1500determinadodetermin1501determinadosdetermin1502devienedevien1503devotadevot0504diadia0505dialecticadialect0506diariadiari0507dicedic3508dichodich1509dictaminadordictamin1510diferenciadiferent2511diferentediferent1512diferentesdiferent3513dificultadesdificultad1514dignadign1515dilucidaciondilucid1516diosesdios2517direcciondireccion0518discrepanciadiscrep1519discutiblediscut1520diseñadodiseñ1521disponedispon1522disposiciondisposicion1523dispuestodispuest1524distanciadistanci1525distinciondistincion2526distinguirsedistingu1527distinguiadistingu1528distintasdistint1529distintodistint2530divinadivin1531dialogodialog1532documentodocument1533domesticadasdomestic1534dominadomin3535dominardomin1536dominarladomin3537dominiodomini4538dondedond5539dosdos4540dotadadot1541dudadud0542duplicacionduplic1543decadasdec1544diadia0545diasdias1546economiaeconom1547economicaeconom1548economicamenteeconom1549economicoseconom1550educacioneduc1551efectivasefect1552efectoefect0553efectosefect0554efectuarefectu0555efficiensefficiens0556eficazmenteeficaz0557ejecucionejecu1558ejemploejempl1559ejemplosejempl1560ejercitamientoejercit1561ejercitosejercit0562elegireleg1563elementaleselemental1564elementoelement1565elevadoelev3566eliminarelimin1567ellaella4568elloello5569emancipacionemancip1570emancipadoemancip1571embargoembarg0572embelesadosembeles1573empezoempez1574empujaempuj1575empiricosempir1576encajarencaj1577encargarencarg0578encontramosencontr2579encontrarencontr1580encontroencontr1581encuentraencuentr4582encuentreencuentr1583energiaenerg3584energiasenerg2585enfocadoenfoc1586engañosaengañ0587enojosaenoj0588enraizadoenraiz1589enraizaenraiz1590enredadoenred1591enseñaenseñ1592enteramenteenter1593enteroenter1594enterradasenterr1595entoncesentonc5596entornoentorn0597entraentra1598entradaentrad1599entregaentreg1600entregueentreg1601epistemeepistem0602errorerror1603eses85604escalaescal1605escapaescap1606escaparescap2607escasezescasez1608escribeescrib0609escribianescrib0610esenciaesenci28611esenteesent1612esferaesfer1613esfuerzosesfuerz2614esoeso3615espantoespant1616espantososespant0617especialespecial3618especializadaespecializ1619especializadoespecializ1620especialmenteespecial1621espectadorespect0622espectroespectr1623esperaesper0624esperaresper2625esquemasesquem1626estaesta9627estableceestablec1628establecedorestablecedor1629establecerestablec6630establecienteestablecient0631establezcaestablezc1632estandarestand0633estetizacionestetiz2634estoesto11635estosestos0636estrechaestrech1637estrechamenteestrech1638estrechamientoestrech1639estribaestrib3640estructuraestructur1641estudioestudi2642esteticaestet1643esteticoestet1644eternamenteetern1645eternidadetern0646eternosetern1647europeoeurope1648evolucionarevolucion1649exactaexact0650exageradaexager0651exhibicionexhibicion0652exhibidaexhib1653exhibidosexhib1654exigenciaexigent1655exigenciasexigent2656existeexist3657existenciaexistent2658existenciasexistent1659existirexist1660expansionexpansion1661experienciaexperient1662experimentalexperimental1663experimentamosexperiment1664experimentarexperiment2665experimentaremosexperiment1666experimentaraexperiment1667experimentoexperiment1668expertoexpert0669explicaexplic1670explotadasexplot1671exposicionexposicion1672expresaexpres3673expresionexpresion1674extensionextension0675exteriorexterior1676extiendeextiend2677extrañoextrañ1678extremadamenteextrem1679extremadoextrem1680facilidadfacil1681fallarfall1682falsafals1683falsificacionfalsificacion0684familiarfamili0685familiaresfamiliar1686fascismofascism1687favorfavor1688favorecefavorec1689fefe1690fenomenosfenomen1691festivasfestiv0692figurafigur5693filmfilm0694filmacionlafilmacionl0695filmsfilms0696finfin1697finalidadfinal1698finalidadesfinal1699finalisfinalis0700florflor1701florecerflorec0702floresflor1703formaform4704formulaformul2705formularformul1706fortalecefortalec1707fortalecimientofortalec1708forzadaforz1709fotograficofotograf1710frecuentementefrecuent1711frenesifrenes1712frentefrent5713fructuosafructuos1714fuentefuent1715fuentesfuent1716fuertesfuert1717fuerzafuerz1718fuerzasfuerz5719funcionalfuncional1720funcionamientofuncion1721funcionarfuncion1722funcionesfuncion1723funcionfuncion4724fundamentacionfundament3725fundamentalfundamental1726fundamentofundament1727facilfacil2728facilmentefacil1729fisicafisic4730fisicofisic1731galeriasgal1732generalgeneral1733gentegent4734gigantescagigantesc0735gigantescasgigantesc0736gigantescosgigantesc1737gobiernogobiern0738gocegoc1739grabacionesgrabacion1740grabaciongrabacion2741grabadagrab0742graciasgraci2743gradograd2744grangran2745grandesgrand3746griegosgrieg2747grotescagrotesc1748guerraguerr8749guiadogui1750guiargui1751guiagui2752habersehab1753habiahabi0754habriahabri0755hacehac9756hacerhac5757hacerlahac1758haciahaci6759hacianhac1760harahar0761hayhay9762hechashech1763hechohech5764hechoshech1765hechurahechur1766heredadahered0767heredadashered1768herramientasherramient1769historiahistori1770historiografiahistoriograf0771historicamentehistor1772historicohistor1773hombrehombr28774hooliganshooligans1775hostilidadhostil0776hoyhoy1777humanahuman4778humanamentehuman0779humanashuman0780humanidadhuman0781humanohuman10782humanoshuman1783ideaide1784idealideal2785identicoident0786identificacionidentif1787ideologiaideolog3788igualigual1789igualacionigual1790imagenimag3791imaginativaimagin0792imitacionimitacion0793imperaimper2794imperanteimper1795imperarimper3796imperialistaimperial1797imperiosamenteimperi1798implicaimplic1799importanciaimport2800importanteimport1801importantesimport1802imposiblesimpos1803imprecisaimprecis1804impuestoimpuest2805imagenesimagen1806inauguradasinaugur1807incansableincans1808inclusoinclus2809incomparableincompar1810inconscienteinconscient0811incrementoincrement1812indagacionindag1813indefinidamenteindefinid1814independienteindependient1815indestructibleindestruct1816indicaindic1817indicioindici1818individualindividual2819individuoindividu2820individuosindividu1821industriaindustri2822industrialindustrial2823influirinflu1824ingenuosingenu1825iniciainici1826inicialinicial0827inmediatainmediat2828inmediatamenteinmediat2829innovacionesinnov1830innumerablesinnumer1831insinuainsinu1832institucionesinstitu0833instrumentalinstrumental2834instrumentoinstrument2835insuficienteinsuficient1836intactaintact1837integralintegral1838intencionintencion3839intensidadintens1840intentamosintent1841intentosintent2842interaccioninteraccion2843intercaladaintercal0844interesainteres1845interioridadinterior1846intermitentementeintermitent1847interrogadoramenteinterrogador1848intervalosinterval1849interesinteres1850introduccionintroduccion1851introduceintroduc1852introducidointroduc2853inventarinvent1854inverosimilinverosimil1855inversamenteinvers0856inversoinvers0857investigainvestig1858investigacioninvestig0859invierteinviert1860involucrainvolucr1861ineditoinedit0862irremediableirremedi1863izquierdismoizquierd1864jamasjamas1865juegajueg1866juegojueg1867juntojunt1868juntosjunt0869justificarjustific1870laborallaboral0871labranzalabranz1872labrarlabr0873ladolad0874largalarg2875largolarg3876largoslarg1877lartlart0878lazoslaz1879lectorlector1880lectoreslector2881lenguajelenguaj0882leyley1883leyesley1884liberaliber1885liberacionliber2886liberarliber1887libertadlibert10888librelibr3889liquidacionliquid1890listolist1891literarialiterari1892llamallam1893llamadallam1894llamamosllam2895llamollam1896llegalleg4897llegadolleg1898llevallev3899llevarllev1900llevarlallev1901llevaronllev1902llevollev1903locallocal0904localeslocal2905logrologr1906luchandoluch1907lugarlug9908lunalun1909luzluz2910limiteslimit3911linealine1912logicalogic1913maduramadur1914magiamagi1915malmal0916manejarmanej1917maneramaner17918manerasmaner1919manifestacionesmanifest1920manifiestomanifiest1921manipularmanipul0922manoman1923mantenimientomanten2924mantienemantien1925manualmanual0926marchamarch1927marchitamarchit1928masmas0929masamas2930masasmas4931masivamasiv1932masivosmasiv1933materialmaterial3934materialesmaterial1935mayoriamayor1936mecanicamecan1937mediantemediant2938medidamed2939medievalesmedieval1940mediomedi10941mediosmedi4942meditarmedit1943meditemosmedit2944mejormejor1945menormenor0946menosmen5947mentement1948meramer1949meromer1950metamet2951metafisicametafis0952metasmet1953mientrasmientr5954milmil1955milesmil1956mineralesmineral0957miramir1958miradamir1959mismamism4960mismasmism2961mismomism15962misteriomisteri2963misteriosomisteri1964modelamodel1965modernamodern13966modificadamodific1967modificadomodific1968modificandomodific1969modomod14970modosmod4971momentomoment3972monedasmoned1973montajemontaj1974mortiferomortifer0975mostrarmostr1976motorizadamotoriz1977movilizarmoviliz1978movimientosmovimient3979muchasmuch1980muertemuert0981muestramuestr4982muestranmuestr1983multiplicarmultiplic1984mundomund2985mundusmundus0986magicamagic1987magicasmagic1988magicomagic0989maquinasmaquin1990metodosmetod2991nacionalismonacional1992nadienadi1993naturalnatural4994naturalesnatural1995naturalezanaturalez9996necesarianecesari1997necesarionecesari1998necesidadneces1999necesidadesneces31000necesitanecesit11001negarseneg11002nini61003ningunaningun31004ningunningun21005nitrogenonitrogen01006niñoniñ11007niñosniñ01008nombrenombr41009nombresnombr11010nosnos91011nosotrosnosotr71012noticierosnoticier11013novecientosnovecient11014nuestranuestr41015nuevanuev21016nuevamentenuev11017nuevasnuev21018nuevonuev21019nuevosnuev11020nuncanunc41021nucleonucle21022numeronumer11023obedienciaobedient11024obedienteobedient11025objetoobjet91026objetosobjet31027obraobra141028obrasobras31029observarobserv21030obtenerobten21031ocasionalmenteocasional01032ocultaocult11033ocultamientoocult01034ocultasocult11035ofrecerleofrec11036ofrecianofrec11037ojoojo21038olimpicosolimp01039omitiremosomit11040omniabarcanteomniabarc11041operacionesoper11042operacionoper11043opondriamosopondr11044opongaopong11045oportunidadoportun11046oportunidadesoportun11047ordenorden11048ordenamientoorden11049organizacionesorganiz11050organizacionorganiz01051organizarseorganiz11052origenorig11053originaloriginal21054originariamenteoriginari11055originariooriginari11056otraotra31057otrasotras71058otrootro21059pacificospacif11060paisajepaisaj11061palabrapalabr31062palabraspalabr41063paradaspar11064parasitariaparasitari11065pareceparec31066parecerparec01067parecidaparec11068parecidoparec01069partepart41070partespart41071participaparticip11072partirpart31073pasapas11074pasadopas11075pasopas11076pavoneapavone11077paispais11078peculiarpeculi21079peligropeligr41080peligrosopeligr11081pelotapelot01082peliculapelicul31083peliculaspelicul31084penetradopenetr11085pensamospens11086pensarpens11087pensemospens11088pequeñapequeñ11089pequeñaspequeñ11090percepcionpercepcion11091perceptiblepercept11092perderperd11093pereatpereat11094perfeccionadaperfeccion11095perfectaperfect11096periciaperici11097permanecerpermanec21098permanenciapermanent11099permanentepermanent11100permanentespermanent11101permitepermit11102permitiapermiti01103permitirpermit11104persecucionpersecu11105perseguirpersegu11106personalpersonal11107personalmentepersonal11108personasperson21109perspectivaperspect11110pertenecepertenec31111perteneciapertenec11112pertenenciapertenent21113pesopes21114pesquisaspesquis11115physisphysis01116pinturapintur11117placerplac11118plataplat01119plenaplen21120podamospod11121podemospod21122poderpod41123poderosapoder11124podidopod11125podianpod11126poesiapoes01127poetapoet11128pogromospogrom11129poieispoieis01130poiesispoiesis01131poieticopoietic01132politizacionpolitiz11133politecnicapolitecn01134polospol11135politicapolit31136ponepon121137ponerpon21138porqueporqu11139posibilidadposibil31140posibleposibl31141posicionposicion11142pourpour11143poeticopoetic01144praxispraxis01145precariaprecari11146precisamenteprecis41147precisoprecis11148precondicionprecondicion11149prefiguracionprefigur11150preguntapregunt31151preguntamospregunt11152preguntandopregunt11153preguntarpregunt11154prehistoricosprehistor21155premisaspremis11156prensaprens21157preparacionprepar01158presenciapresenci51159presentapresent31160presentarlapresent11161presentepresent21162preservamospreserv11163presionanpresion11164prestamosprest21165prestarprest11166prestemosprest11167pretenderpretend11168pretendidamentepretendid11169prevenirlapreven11170preverprev11171previamenteprevi11172primerprim41173primeraprimer101174primerasprimer11175principalprincipal11176principalmenteprincipal21177principioprincipi01178privadopriv11179probableprobabl11180probablementeprobabl11181problemasproblem21182procedimientoproced21183procedimientosproced31184procesoproces71185produccionproduccion51186producidoproduc01187producirproduc41188productivasproduct21189productoproduct11190productosproduct11191produciaproduc01192profesionalprofesional01193profundamenteprofund11194profundasprofund11195profundoprofund01196progresistaprogres11197progresivoprogres11198progresoprogres21199prohibidoprohib11200prolongacionprolong11201promosprom01202promotorpromotor11203prontopront11204propagandapropagand11205propagandisticapropagandist11206propagarpropag11207propiapropi21208propiedadpropied11209propiedadespropiedad21210propiopropi11211proporcionanproporcion11212proporcionarproporcion11213propositoproposit01214proteccionproteccion11215protegerproteg11216provacadoprovac01217provacanteprovac01218provocaprovoc11219provocacionprovoc01220provocadoprovoc01221provocarprovoc11222proyectilesproyectil01223pruebaprueb11224practicapractic11225proximasproxim11226proximoproxim11227psicologicamentepsicolog01228psicologicaspsicolog01229psicologicospsicolog01230publicarpublic11231pudierapud11232puedapued41233puedanpued21234puedepued201235puedenpued21236puespues01237puestapuest21238puestopuest31239puntopunt61240purapur11241puropur11242pusopus11243pajaropajar01244palidapal11245perdidaperd11246publicopublic21247queque1891248quedaqued11249quererquer31250quierequier41251quintaesenciaquintaesent11252quizasquizas21253queque41254quimicaquimic11255racionalidadracional21256radicalmenteradical31257rasgorasg11258rasgosrasg01259ratonraton11260razaraz11261razonesrazon01262razonrazon31263rere21264reaccionareaccion11265reaccionesreaccion11266reactivarsereactiv01267realreal61268realesreal01269realidadrealid21270realizacionrealiz11271realizarrealiz11272realmenterealment11273rebajarserebaj11274rebelionrebelion11275recaereca11276recaiarec11277recepcionrecepcion11278receptorreceptor11279receptoresreceptor01280rechazarlorechaz01281recibiorecib11282recintorecint11283reclamadoreclam11284reclamoreclam01285reconciliereconcili11286reconocereconoc11287reconocidareconoc11288reconocidoreconoc11289rectarect11290recuperarecuper11291recursosrecurs11292reducereduc11293referidarefer11294refiererefier11295reformadareform11296reformarsereform11297reformistareform01298regulacionregul11299regularregul11300rehusarserehus11301relacionesrelacion21302relacionrelacion31303religiosareligi11304renuevarenuev11305renuncierenunci11306reparterepart11307repartidorepart21308repartirrepart01309repetidosrepet01310reportajereportaj11311reposarepos11312representacionesrepresent11313representanrepresent31314representemosrepresent11315reproduccionreproduccion01316reproduccionesreproduccion11317reproduccionreproduccion81318reproducidoreproduc11319reproducirreproduc11320reproductibilidadreproductibil51321requeridarequer11322requerimientosrequer11323requerirrequer01324requierenrequier11325resacaresac11326resaltarseresalt01327rescatarrescat11328resistenciaresistent11329respectorespect21330resplandecerresplandec11331responderespond11332responderrespond11333respuestarespuest11334restantesrestant11335restriccionesrestriccion11336restringirrestring11337resultaresult31338resultadoresult11339resultadosresult01340retenidareten11341retiradoretir11342retroactuanretroactu01343retrocediendoretroced11344retrotraerseretrotr11345reunidorreunidor11346reunientereunient11347revolucionariasrevolucionari01348revolucionariorevolucionari01349revolucionesrevolu11350revolucionrevolu11351reunereun11352ritmosritm01353ritualritual11354ritual29ritual2901355rodamientosrodamient01356romperromp11357rigidamenterigid11358sabersab11359saberlosab01360sacasac21361sacrificandosacrific11362sacrificarsacrific11363sacrificiosacrifici21364salonessalon01365salvadorsalvador11366satisfaccionsatisfaccion11367satisfechasatisfech01368schickenschick11369secasec01370segmentosegment11371segundasegund131372segundosegund11373segurosegur11374segunsegun11375seleccionseleccion11376semanalessemanal01377semiexpertosemiexpert01378sencillosencill11379senosen11380sensitivosensit11381sensorialsensorial11382sentidosent81383separasep11384serser191385seresser21386seriamenteseri01387serieseri01388servicioservici31389servidumbreservidumbr11390severasever11391señorseñor11392sisi121393sidosid21394siempresiempr21395siendosiend11396significasignif51397significacionsignif21398siguesig11399siguientesiguient11400simplesimpl31401simplementesimplement21402singularsingul11403sinosin91404sinobjetosinobjet01405sintomaticosintomat01406siquierasiqu11407sistemasistem141408situacionsituacion31409sobrenaturalsobrenatural11410sobresalientesobresalient11411sobrevivasobrev11412sobrevivirsobreviv01413socialsocial61414socialessocial31415sociedadsocied201416sociedadessociedad11417solasol11418solamentesol21419solosol01420solucionsolucion01421sometersomet11422sometersesomet11423sonorosonor11424subrayasubray11425sucedesuced11426suelosuel11427suertesuert11428suficientementesuficient11429sugerentesugerent11430sugerirasuger11431sujetosujet11432sumisionsumision11433supervisarsesupervis11434supremosuprem11435supuestosupuest31436supuestossupuest11437surgimientosurgimient11438surrealismosurreal01439susceptiblesuscept11440sustituidasustitu11441sustitutivosustitut11442sustitutoriassustitutori11443suyosuy01444sisi111445solosol281446taltal81447talestal11448tambaleatambale11449tambientambien91450tampocotampoc21451tantan41452tantatant21453tantotant71454tardetard31455technetechn51456tecnicatecnic01457tecnologiatecnolog131458tecnologicatecnolog31459tecnologicamentetecnolog11460tecnologicastecnolog01461tecnologicotecnolog51462tecnologicoindustrialtecnologicoindustrial01463teledirigidosteledirig01464tendenciatendenci31465tendencialtendencial11466tensiontension21467teoriateor01468terracotasterracot11469terrorificosterrorif11470testificamostestific11471testimoniotestimoni21472tiempotiemp01473tiempostiemp31474tiendetiend11475tienentien21476tipotip21477tocatoc11478tocadotoc11479todatod31480todastod71481todaviatodav41482todotod151483tolerartoler11484tomatom11485tomartom21486tomarlotom11487totalidadtotal11488totalitariatotalitari11489trabajotrabaj51490tradiciontradicion01491tradiciontradicion11492traertra21493tranquilamentetranquil11494transformatransform11495transformacionestransform01496transformaciontransform11497transformadatransform11498transformadotransform01499transformartransform01500transmitidotransmit11501traspasartraspas11502trastornadotrastorn01503tratatrat41504tratotrat11505travestraves51506trayectoriatrayectori01507tripulaciontripul11508traficotrafic21509tecnicatecnic661510tecnicamentetecnic01511tecnicastecnic11512tecnicotecnic11513tecnicostecnic21514tetricotetric11515uu11516unasunas11517unicaunic01518unidaunid01519unificadounific11520uniformeuniform11521uraniourani01522urgenteurgent01523usarlausarl01524usosusos11525utilidadutil11526utilizacionutiliz31527utopicasutop01528vava11529vaciadovaci11530vacuosvacu11531valeval11532validoval11533valiosavalios11534valorvalor21535valoresvalor11536vamosvam11537vanvan11538variarvari11539variedadvaried11540varillajesvarillaj01541veve21542verver21543verdadverd21544vezvez61545vidavid31546vidasvid11547viejaviej11548vienevien11549violentoviolent11550virtudvirtud11551visionvision11552vistavist21553vitalesvital11554vivenciavivenci11555vivirviv11556vuelcavuelc11557vuelovuel11558vueltovuelt31559vuelvavuelv11560vuelvevuelv41561validoval01562viavia11563yy1071564estaesta21565esteeste11566ambitoambit91567arbolarbol11568arbolesarbol01569elel51570epocaepoc11571estaesta31572esteeste21573eticosetic01574exitoexit11575intimaintim11576intimamenteintim11577organoorgan11578organosorgan21579ultimaultim11580ultimasultim21581ultimoultim11582unicaunic11583unicamenteunic11584unicasunic21585unicounic21586,0,2
Actuar,actu,0,3
Ahora,ahor,1,4
Al,al,2,5
Ambas,ambas,1,6
Ambos,ambos,1,7
Ante,ante,1,8
Asumiendo,asum,1,9
Así,asi,6,10
Bronces,bronc,0,11
Chaplin,chaplin,0,12
Comenzó,comenz,1,13
Comicidad,comic,1,14
Como,com,1,15
Comparada,compar,1,16
Con,con,7,17
Conforme,conform,1,18
Cuando,cuand,3,19
Cuanto,cuant,1,20
De,de,4,21
Descubrir,descubr,0,22
Desde,desd,1,23
Disney,disney,1,24
Dispuesto,dispuest,1,25
Donde,dond,1,26
El,el,19,27
Ella,ella,1,28
En,en,14,29
Entretanto,entretant,0,30
Es,es,10,31
Ese,ese,1,32
Esta,esta,2,33
Este,este,5,34
Esto,esto,3,35
Fourier,fouri,1,36
Fue,fue,3,37
Grimm,grimm,0,38
Ha,ha,1,39
Hablando,habl,1,40
Hacia,haci,1,41
Hicieron,hic,1,42
Homero,homer,0,43
Impulsando,impuls,1,44
Incluso,inclus,1,45
Industrial,industrial,1,46
La,la,47,47
Lo,lo,5,48
Los,los,3,49
Marinetti,marinetti,0,50
Mickey,mickey,1,51
Mientras,mientr,3,52
Muchedumbres,muchedumbr,1,53
Nada,nad,1,54
Ningún,ningun,1,55
No,no,1,56
Nosotros,nosotr,2,57
Parece,parec,1,58
Parecerá,parec,1,59
Pero,per,6,60
Picasso,picass,0,61
Platón,platon,0,62
Poner,pon,1,63
Por,por,12,64
Porque,porqu,2,65
Precisamente,precis,2,66
Producir,produc,0,67
Pues,pues,0,68
QUE,que,1,69
Que,que,3,70
Realmente,realment,1,71
Revoluciones,revolu,1,72
Revolución,revolu,2,73
Se,se,3,74
Según,segun,1,75
Si,si,4,76
Sin,sin,3,77
Su,su,2,78
Sólo,sol,1,79
TIENE,tien,1,80
Tal,tal,3,81
Tendría,tendr,1,82
Tierra,tierr,0,83
Todas,tod,2,84
Todo,tod,4,85
Todos,tod,1,86
Un,un,1,87
Una,una,4,88
Vamos,vam,1,89
Varias,vari,1,90
Y,y,4,91
abandonados,abandon,0,92
abandono,abandon,1,93
abriría,abrir,2,94
abrió,abri,1,95
absoluto,absolut,2,96
abstracción,abstraccion,1,97
accesible,acces,1,98
accesoria,accesori,0,99
accion,accion,0,100
acción,accion,1,101
acelerar,aceler,1,102
aceptar,acept,1,103
acerca,acerc,1,104
acontece,acontec,6,105
acontecen,acontec,1,106
acosen,acos,1,107
actitud,actitud,1,108
activaciones,activ,1,109
activación,activ,1,110
activar,activ,1,111
actividad,activ,1,112
actividades,activ,2,113
acto,acto,2,114
actos,actos,1,115
actuaba,actu,1,116
actual,actual,2,117
actualiza,actualiz,1,118
actuar,actu,1,119
acuerdo,acuerd,1,120
acumuladas,acumul,0,121
acumulado,acumul,0,122
acumular,acumul,0,123
acuñamiento,acuñ,0,124
adaptación,adapt,0,125
adaptado,adapt,2,126
adecuada,adecu,0,127
adelantado,adelant,2,128
admirar,admir,0,129
adquiera,adqu,1,130
advenimiento,adven,1,131
afecta,afect,1,132
afectar,afect,1,133
afirma,afirm,1,134
ahora,ahor,7,135
aire,air,1,136
alcance,alcanc,3,137
alcanzables,alcanz,0,138
alcanzado,alcanz,2,139
alemán,aleman,1,140
aletheia,alethei,0,141
alguien,algui,1,142
alguna,algun,1,143
algún,algun,1,144
aliento,alient,1,145
alimenta,aliment,1,146
alimentación,aliment,0,147
alimentan,aliment,1,148
allá,alla,1,149
allí,alli,4,150
almacén,almacen,1,151
alta,alta,1,152
alterado,alter,2,153
alto,alto,1,154
alusión,alusion,1,155
ambientales,ambiental,1,156
ambiente,ambient,2,157
ambigua,ambigu,1,158
ambigüedad,ambigüed,1,159
ambito,ambit,0,160
ambos,ambos,0,161
amenaza,amenaz,6,162
amenazado,amenaz,1,163
amenazar,amenaz,1,164
amenazarla,amenaz,1,165
amontonen,amonton,1,166
amor,amor,0,167
ampliación,ampliacion,0,168
ampliarse,ampli,1,169
amplio,ampli,1,170
ancestro,ancestr,3,171
andamios,andami,0,172
andrajoso,andraj,0,173
aniquilación,aniquil,1,174
ansiosa,ansios,1,175
anteriores,anterior,0,176
anticuado,anticu,1,177
antiguamente,antigu,1,178
antinatural,antinatural,0,179
antropológica,antropolog,1,180
anunciará,anunci,1,181
análisis,analisis,1,182
aparato,aparat,4,183
aparatos,aparat,4,184
aparece,aparec,1,185
aparecer,aparec,1,186
aparición,aparicion,3,187
apariencia,aparient,3,188
apegados,apeg,1,189
apegarnos,apeg,1,190
apenas,apen,2,191
aplica,aplic,1,192
aplicación,aplic,1,193
aplicar,aplic,1,194
aplique,apliqu,1,195
aportaba,aport,1,196
aportan,aport,1,197
apoya,apoy,1,198
aprende,aprend,1,199
apropia,apropi,2,200
apropiadamente,apropi,1,201
apropiadoramente,apropiador,2,202
aproximadamente,aproxim,1,203
aproxime,aproxim,1,204
apunta,apunt,1,205
aquel,aquel,3,206
aquella,aquell,1,207
aquellas,aquell,1,208
aquello,aquell,3,209
aquellos,aquell,1,210
aqui,aqui,0,211
aquí,aqu,5,212
argumentar,argument,1,213
arrastrar,arrastr,1,214
ars,ars,0,215
arte,arte,20,216
artes,artes,0,217
artesana,artesan,1,218
artesano,artesan,1,219
artesanos,artesan,0,220
artificial,artificial,0,221
artista,artist,0,222
artisticos,artist,0,223
artística,artist,2,224
artísticamente,artist,0,225
artístícopoético,artisticopoet,0,226
asegurado,asegur,1,227
aspecto,aspect,1,228
aspiración,aspir,1,229
astucia,astuci,1,230
así,asi,11,231
atención,atencion,4,232
atrapar,atrap,1,233
atrasada,atras,1,234
atrasado,atras,1,235
atraviesa,atravies,1,236
atrás,atras,0,237
atómica,atom,0,238
aumentan,aument,1,239
aun,aun,1,240
aunque,aunqu,2,241
aura,aur,1,242
autenticidad,autent,4,243
autentico,autent,0,244
autoenajenación,autoenajen,1,245
autor,autor,1,246
autoridad,autor,2,247
autoría,autor,0,248
autónomas,autonom,0,249
avance,avanc,1,250
avances,avanc,1,251
avanzada,avanz,2,252
aviones,avion,1,253
ayuda,ayud,1,254
azul,azul,1,255
aéreo,aere,0,256
aún,aun,1,257
bajo,baj,2,258
basa,bas,2,259
bellas,bell,1,260
bello,bell,0,261
beneficios,benefici,1,262
bestialidad,bestial,1,263
bien,bien,6,264
biológicos,biolog,1,265
borde,bord,1,266
breve,brev,1,267
brotar,brot,3,268
brusca,brusc,1,269
busca,busc,1,270
buscarlo,busc,2,271
buscásemos,busc,1,272
cada,cad,2,273
calculable,calcul,1,274
calidad,calid,1,275
califica,calif,1,276
callada,call,1,277
callar,call,1,278
cambia,cambi,1,279
cambiado,cambi,1,280
cambiar,cambi,0,281
cambio,cambi,3,282
camina,camin,1,283
camino,camin,6,284
campo,camp,5,285
capacidad,capac,3,286
capaz,capaz,2,287
captar,capt,2,288
cara,car,1,289
caracteriza,caracteriz,2,290
caracterizar,caracteriz,1,291
carga,carg,1,292
carácter,caract,4,293
caso,cas,2,294
casos,cas,1,295
castradas,castr,0,296
casual,casual,1,297
causa,caus,4,298
causalidad,causal,1,299
causas,caus,0,300
caído,caid,1,301
charla,charl,1,302
ciencia,cienci,3,303
cientos,cient,1,304
científica,cientif,1,305
cierra,cierr,1,306
cierta,ciert,1,307
ciertas,ciert,1,308
cierto,ciert,1,309
cine,cin,1,310
cinematografico,cinematograf,0,311
cinematográficas,cinematograf,0,312
cinematográfico,cinematograf,1,313
citado,cit,1,314
claramente,clar,2,315
clase,clas,1,316
colaterales,colateral,1,317
colectivo,colect,2,318
color,color,1,319
combinación,combin,2,320
comencemos,comenc,1,321
comienzos,comienz,1,322
compara,comp,1,323
competencia,competent,1,324
completa,complet,1,325
completamente,complet,1,326
completar,complet,1,327
completo,complet,2,328
componen,compon,1,329
componentes,component,1,330
comportamiento,comport,7,331
comunidades,comun,3,332
comunismo,comun,1,333
común,comun,0,334
concebir,conceb,2,335
concentra,concentr,1,336
concentraciones,concentr,1,337
concepción,concepcion,1,338
concepto,concept,1,339
concertada,concert,1,340
concibamos,concib,1,341
concierne,conciern,1,342
condiciones,condicion,1,343
conducido,conduc,1,344
conexión,conexion,3,345
confeccionar,confeccion,0,346
confiada,confi,1,347
confiador,confiador,0,348
confianza,confianz,0,349
conflicto,conflict,1,350
conforme,conform,1,351
confundida,confund,2,352
conjunto,conjunt,2,353
conmemoradoramente,conmemorador,0,354
conoce,conoc,1,355
conocemos,conoc,1,356
conocer,conoc,0,357
conocida,conoc,0,358
conocieron,conoc,1,359
conquista,conquist,1,360
conquistar,conquist,1,361
conquistas,conquist,1,362
consciente,conscient,1,363
conserva,conserv,1,364
considera,consider,2,365
consideración,consider,1,366
consideramos,consider,2,367
considerando,consider,1,368
considerar,consider,1,369
consiguiente,consiguient,0,370
consiste,cons,2,371
consistencia,consistent,1,372
consistente,consistent,1,373
constante,constant,0,374
constelación,constel,0,375
constitución,constitu,1,376
constituido,constitu,1,377
constituye,constitu,1,378
construcción,construccion,1,379
consumidores,consumidor,1,380
consumo,consum,0,381
contarse,cont,1,382
contemplación,contempl,3,383
contenidos,conten,1,384
contexto,context,1,385
continuamente,continu,1,386
continúa,continu,1,387
contradictorio,contradictori,1,388
contradiga,contradig,0,389
contrario,contrari,1,390
control,control,4,391
convertidas,convert,1,392
convertido,convert,1,393
convertir,convert,2,394
convertirse,convert,1,395
convierte,conviert,2,396
cooperación,cooper,1,397
copa,cop,1,398
corporizada,corporiz,1,399
correcto,correct,0,400
corresponde,correspond,2,401
corresponder,correspond,1,402
cosa,cos,2,403
cosas,cos,3,404
coste,cost,1,405
costumbres,costumbr,0,406
cotidiana,cotidian,0,407
creación,creacion,1,408
creado,cre,1,409
creando,cre,1,410
crece,crec,1,411
crecido,crec,1,412
creciente,crecient,3,413
crecientemente,crecient,1,414
creer,cre,1,415
criterio,criteri,1,416
cuales,cual,1,417
cualitativamente,cualit,1,418
cualquier,cualqui,3,419
cuantitativo,cuantit,1,420
cuanto,cuant,14,421
cuatro,cuatr,1,422
cuentos,cuent,1,423
cuerpo,cuerp,2,424
cuestiones,cuestion,1,425
culminan,culmin,1,426
culminante,culmin,2,427
culpa,culp,1,428
cultivada,cultiv,1,429
cultural,cultural,1,430
cuota,cuot,1,431
custodiar,custodi,1,432
custodiemos,custodi,1,433
cuya,cuy,2,434
cuyas,cuy,1,435
cuyo,cuy,1,436
cuyos,cuy,1,437
cuál,cual,1,438
cuán,cuan,1,439
códigos,codig,1,440
cómicos,comic,1,441
cómo,com,1,442
dada,dad,0,443
dado,dad,0,444
danzantes,danzant,1,445
dar,dar,2,446
datos,dat,1,447
debe,deb,1,448
debemos,deb,2,449
debería,deb,1,450
debilitar,debilit,1,451
debían,deb,1,452
decir,dec,2,453
decisiones,decision,1,454
decisiva,decis,2,455
decisivo,decis,1,456
dediquemos,dediqu,1,457
degeneradores,degener,1,458
dejan,dej,1,459
dejar,dej,1,460
delimitados,delimit,0,461
demasiado,demasi,1,462
demonio,demoni,1,463
demás,demas,2,464
dentro,dentr,4,465
depende,depend,2,466
dependen,depend,1,467
deporte,deport,0,468
deportivo,deport,1,469
derribar,derrib,1,470
desaparece,desaparec,1,471
desarrolla,desarroll,0,472
desarrollada,desarroll,1,473
desarrollar,desarroll,1,474
desarrollo,desarroll,5,475
descansa,descans,1,476
descubierto,descubiert,1,477
descubren,descubr,1,478
desembocar,desemboc,1,479
desempeños,desempeñ,1,480
desempleo,desemple,1,481
deseo,dese,1,482
desintegrada,desintegr,1,483
desoculta,desocult,2,484
desocultado,desocult,1,485
desocultamiento,desocult,2,486
desocultar,desocult,12,487
desplazamiento,desplaz,1,488
despliega,desplieg,3,489
destaca,destac,1,490
destina,destin,1,491
destinados,destin,1,492
destino,destin,5,493
destrucciones,destruccion,1,494
destrucción,destruccion,1,495
desvalorizan,desvaloriz,1,496
desvelado,desvel,1,497
desvelamiento,desvel,1,498
determina,determin,3,499
determinación,determin,1,500
determinada,determin,1,501
determinado,determin,1,502
determinados,determin,1,503
deviene,devien,1,504
devota,devot,0,505
dia,dia,0,506
dialéctica,dialect,0,507
diaria,diari,0,508
dice,dic,3,509
dicho,dich,1,510
dictaminador,dictamin,1,511
diferencia,diferent,2,512
diferente,diferent,1,513
diferentes,diferent,3,514
dificultades,dificultad,1,515
digna,dign,1,516
dilucidación,dilucid,1,517
dioses,dios,2,518
dirección,direccion,0,519
discrepancia,discrep,1,520
discutible,discut,1,521
diseñado,diseñ,1,522
dispone,dispon,1,523
disposición,disposicion,1,524
dispuesto,dispuest,1,525
distancia,distanci,1,526
distinción,distincion,2,527
distinguirse,distingu,1,528
distinguía,distingu,1,529
distintas,distint,1,530
distinto,distint,2,531
divina,divin,1,532
diálogo,dialog,1,533
documento,document,1,534
domesticadas,domestic,1,535
domina,domin,3,536
dominar,domin,1,537
dominarla,domin,3,538
dominio,domini,4,539
donde,dond,5,540
dos,dos,4,541
dotada,dot,1,542
duda,dud,0,543
duplicación,duplic,1,544
décadas,dec,1,545
día,dia,0,546
días,dias,1,547
economía,econom,1,548
económica,econom,1,549
económicamente,econom,1,550
económicos,econom,1,551
educación,educ,1,552
efectivas,efect,1,553
efecto,efect,0,554
efectos,efect,0,555
efectuar,efectu,0,556
efficiens,efficiens,0,557
eficazmente,eficaz,0,558
ejecución,ejecu,1,559
ejemplo,ejempl,1,560
ejemplos,ejempl,1,561
ejercitamiento,ejercit,1,562
ejércitos,ejercit,0,563
elegir,eleg,1,564
elementales,elemental,1,565
elemento,element,1,566
elevado,elev,3,567
eliminar,elimin,1,568
ella,ella,4,569
ello,ello,5,570
emancipación,emancip,1,571
emancipado,emancip,1,572
embargo,embarg,0,573
embelesados,embeles,1,574
empezó,empez,1,575
empuja,empuj,1,576
empíricos,empir,1,577
encajar,encaj,1,578
encargar,encarg,0,579
encontramos,encontr,2,580
encontrar,encontr,1,581
encontró,encontr,1,582
encuentra,encuentr,4,583
encuentre,encuentr,1,584
energía,energ,3,585
energías,energ,2,586
enfocado,enfoc,1,587
engañosa,engañ,0,588
enojosa,enoj,0,589
enraizado,enraiz,1,590
enraíza,enraiz,1,591
enredado,enred,1,592
enseña,enseñ,1,593
enteramente,enter,1,594
entero,enter,1,595
enterradas,enterr,1,596
entonces,entonc,5,597
entorno,entorn,0,598
entra,entra,1,599
entrada,entrad,1,600
entrega,entreg,1,601
entregue,entreg,1,602
episteme,epistem,0,603
error,error,1,604
es,es,85,605
escala,escal,1,606
escapa,escap,1,607
escapar,escap,2,608
escasez,escasez,1,609
escribe,escrib,0,610
escribían,escrib,0,611
esencia,esenci,28,612
esente,esent,1,613
esfera,esfer,1,614
esfuerzos,esfuerz,2,615
eso,eso,3,616
espanto,espant,1,617
espantosos,espant,0,618
especial,especial,3,619
especializada,especializ,1,620
especializado,especializ,1,621
especialmente,especial,1,622
espectador,espect,0,623
espectro,espectr,1,624
espera,esper,0,625
esperar,esper,2,626
esquemas,esquem,1,627
esta,esta,9,628
establece,establec,1,629
establecedor,establecedor,1,630
establecer,establec,6,631
estableciente,establecient,0,632
establezca,establezc,1,633
estandar,estand,0,634
estetización,estetiz,2,635
esto,esto,11,636
estos,estos,0,637
estrecha,estrech,1,638
estrechamente,estrech,1,639
estrechamiento,estrech,1,640
estriba,estrib,3,641
estructura,estructur,1,642
estudio,estudi,2,643
estética,estet,1,644
estético,estet,1,645
eternamente,etern,1,646
eternidad,etern,0,647
eternos,etern,1,648
europeo,europe,1,649
evolucionar,evolucion,1,650
exacta,exact,0,651
exagerada,exager,0,652
exhibición,exhibicion,0,653
exhibida,exhib,1,654
exhibidos,exhib,1,655
exigencia,exigent,1,656
exigencias,exigent,2,657
existe,exist,3,658
existencia,existent,2,659
existencias,existent,1,660
existir,exist,1,661
expansión,expansion,1,662
experiencia,experient,1,663
experimental,experimental,1,664
experimentamos,experiment,1,665
experimentar,experiment,2,666
experimentaremos,experiment,1,667
experimentará,experiment,1,668
experimento,experiment,1,669
experto,expert,0,670
explica,explic,1,671
explotadas,explot,1,672
exposición,exposicion,1,673
expresa,expres,3,674
expresión,expresion,1,675
extensión,extension,0,676
exterior,exterior,1,677
extiende,extiend,2,678
extraño,extrañ,1,679
extremadamente,extrem,1,680
extremado,extrem,1,681
facilidad,facil,1,682
fallar,fall,1,683
falsa,fals,1,684
falsificacion,falsificacion,0,685
familiar,famili,0,686
familiares,familiar,1,687
fascismo,fascism,1,688
favor,favor,1,689
favorece,favorec,1,690
fe,fe,1,691
fenómenos,fenomen,1,692
festivas,festiv,0,693
figura,figur,5,694
film,film,0,695
filmaciónla,filmacionl,0,696
films,films,0,697
fin,fin,1,698
finalidad,final,1,699
finalidades,final,1,700
finalis,finalis,0,701
flor,flor,1,702
florecer,florec,0,703
flores,flor,1,704
forma,form,4,705
formula,formul,2,706
formular,formul,1,707
fortalece,fortalec,1,708
fortalecimiento,fortalec,1,709
forzada,forz,1,710
fotográfico,fotograf,1,711
frecuentemente,frecuent,1,712
frenesí,frenes,1,713
frente,frent,5,714
fructuosa,fructuos,1,715
fuente,fuent,1,716
fuentes,fuent,1,717
fuertes,fuert,1,718
fuerza,fuerz,1,719
fuerzas,fuerz,5,720
funcional,funcional,1,721
funcionamiento,funcion,1,722
funcionar,funcion,1,723
funciones,funcion,1,724
función,funcion,4,725
fundamentación,fundament,3,726
fundamental,fundamental,1,727
fundamento,fundament,1,728
fácil,facil,2,729
fácilmente,facil,1,730
física,fisic,4,731
físico,fisic,1,732
galerías,gal,1,733
general,general,1,734
gente,gent,4,735
gigantesca,gigantesc,0,736
gigantescas,gigantesc,0,737
gigantescos,gigantesc,1,738
gobierno,gobiern,0,739
goce,goc,1,740
grabaciones,grabacion,1,741
grabación,grabacion,2,742
grabada,grab,0,743
gracias,graci,2,744
grado,grad,2,745
gran,gran,2,746
grandes,grand,3,747
griegos,grieg,2,748
grotesca,grotesc,1,749
guerra,guerr,8,750
guiado,gui,1,751
guiar,gui,1,752
guía,gui,2,753
haberse,hab,1,754
habia,habi,0,755
habria,habri,0,756
hace,hac,9,757
hacer,hac,5,758
hacerla,hac,1,759
hacia,haci,6,760
hacían,hac,1,761
hará,har,0,762
hay,hay,9,763
hechas,hech,1,764
hecho,hech,5,765
hechos,hech,1,766
hechura,hechur,1,767
heredada,hered,0,768
heredadas,hered,1,769
herramientas,herramient,1,770
historia,histori,1,771
historiografía,historiograf,0,772
históricamente,histor,1,773
histórico,histor,1,774
hombre,hombr,28,775
hooligans,hooligans,1,776
hostilidad,hostil,0,777
hoy,hoy,1,778
humana,human,4,779
humanamente,human,0,780
humanas,human,0,781
humanidad,human,0,782
humano,human,10,783
humanos,human,1,784
idea,ide,1,785
ideal,ideal,2,786
identico,ident,0,787
identificación,identif,1,788
ideología,ideolog,3,789
igual,igual,1,790
igualación,igual,1,791
imagen,imag,3,792
imaginativa,imagin,0,793
imitacion,imitacion,0,794
impera,imper,2,795
imperante,imper,1,796
imperar,imper,3,797
imperialista,imperial,1,798
imperiosamente,imperi,1,799
implica,implic,1,800
importancia,import,2,801
importante,import,1,802
importantes,import,1,803
imposibles,impos,1,804
imprecisa,imprecis,1,805
impuesto,impuest,2,806
imágenes,imagen,1,807
inauguradas,inaugur,1,808
incansable,incans,1,809
incluso,inclus,2,810
incomparable,incompar,1,811
inconsciente,inconscient,0,812
incremento,increment,1,813
indagación,indag,1,814
indefinidamente,indefinid,1,815
independiente,independient,1,816
indestructible,indestruct,1,817
indica,indic,1,818
indicio,indici,1,819
individual,individual,2,820
individuo,individu,2,821
individuos,individu,1,822
industria,industri,2,823
industrial,industrial,2,824
influir,influ,1,825
ingenuos,ingenu,1,826
inicia,inici,1,827
inicial,inicial,0,828
inmediata,inmediat,2,829
inmediatamente,inmediat,2,830
innovaciones,innov,1,831
innumerables,innumer,1,832
insinúa,insinu,1,833
instituciones,institu,0,834
instrumental,instrumental,2,835
instrumento,instrument,2,836
insuficiente,insuficient,1,837
intacta,intact,1,838
integral,integral,1,839
intención,intencion,3,840
intensidad,intens,1,841
intentamos,intent,1,842
intentos,intent,2,843
interacción,interaccion,2,844
intercalada,intercal,0,845
interesa,interes,1,846
interioridad,interior,1,847
intermitentemente,intermitent,1,848
interrogadoramente,interrogador,1,849
intervalos,interval,1,850
interés,interes,1,851
introducción,introduccion,1,852
introduce,introduc,1,853
introducido,introduc,2,854
inventar,invent,1,855
inverosímil,inverosimil,1,856
inversamente,invers,0,857
inverso,invers,0,858
investiga,investig,1,859
investigación,investig,0,860
invierte,inviert,1,861
involucra,involucr,1,862
inédito,inedit,0,863
irremediable,irremedi,1,864
izquierdismo,izquierd,1,865
jamás,jamas,1,866
juega,jueg,1,867
juego,jueg,1,868
junto,junt,1,869
juntos,junt,0,870
justificar,justific,1,871
laboral,laboral,0,872
labranza,labranz,1,873
labrar,labr,0,874
lado,lad,0,875
larga,larg,2,876
largo,larg,3,877
largos,larg,1,878
lart,lart,0,879
lazos,laz,1,880
lector,lector,1,881
lectores,lector,2,882
lenguaje,lenguaj,0,883
ley,ley,1,884
leyes,ley,1,885
libera,liber,1,886
liberación,liber,2,887
liberar,liber,1,888
libertad,libert,10,889
libre,libr,3,890
liquidación,liquid,1,891
listo,list,1,892
literaria,literari,1,893
llama,llam,1,894
llamada,llam,1,895
llamamos,llam,2,896
llamó,llam,1,897
llega,lleg,4,898
llegado,lleg,1,899
lleva,llev,3,900
llevar,llev,1,901
llevarla,llev,1,902
llevaron,llev,1,903
llevó,llev,1,904
local,local,0,905
locales,local,2,906
logró,logr,1,907
luchando,luch,1,908
lugar,lug,9,909
luna,lun,1,910
luz,luz,2,911
límites,limit,3,912
línea,line,1,913
lógica,logic,1,914
madura,madur,1,915
magia,magi,1,916
mal,mal,0,917
manejar,manej,1,918
manera,maner,17,919
maneras,maner,1,920
manifestaciones,manifest,1,921
manifiesto,manifiest,1,922
manipular,manipul,0,923
mano,man,1,924
mantenimiento,manten,2,925
mantiene,mantien,1,926
manual,manual,0,927
marcha,march,1,928
marchita,marchit,1,929
mas,mas,0,930
masa,mas,2,931
masas,mas,4,932
masiva,masiv,1,933
masivos,masiv,1,934
material,material,3,935
materiales,material,1,936
mayoría,mayor,1,937
mecánica,mecan,1,938
mediante,mediant,2,939
medida,med,2,940
medievales,medieval,1,941
medio,medi,10,942
medios,medi,4,943
meditar,medit,1,944
meditemos,medit,2,945
mejor,mejor,1,946
menor,menor,0,947
menos,men,5,948
mente,ment,1,949
mera,mer,1,950
mero,mer,1,951
meta,met,2,952
metafísica,metafis,0,953
metas,met,1,954
mientras,mientr,5,955
mil,mil,1,956
miles,mil,1,957
minerales,mineral,0,958
mira,mir,1,959
mirada,mir,1,960
misma,mism,4,961
mismas,mism,2,962
mismo,mism,15,963
misterio,misteri,2,964
misterioso,misteri,1,965
modela,model,1,966
moderna,modern,13,967
modificada,modific,1,968
modificado,modific,1,969
modificando,modific,1,970
modo,mod,14,971
modos,mod,4,972
momento,moment,3,973
monedas,moned,1,974
montaje,montaj,1,975
mortífero,mortifer,0,976
mostrar,mostr,1,977
motorizada,motoriz,1,978
movilizar,moviliz,1,979
movimientos,movimient,3,980
muchas,much,1,981
muerte,muert,0,982
muestra,muestr,4,983
muestran,muestr,1,984
multiplicar,multiplic,1,985
mundo,mund,2,986
mundus,mundus,0,987
mágica,magic,1,988
mágicas,magic,1,989
mágico,magic,0,990
máquinas,maquin,1,991
métodos,metod,2,992
nacionalismo,nacional,1,993
nadie,nadi,1,994
natural,natural,4,995
naturales,natural,1,996
naturaleza,naturalez,9,997
necesaria,necesari,1,998
necesario,necesari,1,999
necesidad,neces,1,1000
necesidades,neces,3,1001
necesita,necesit,1,1002
negarse,neg,1,1003
ni,ni,6,1004
ninguna,ningun,3,1005
ningún,ningun,2,1006
nitrógeno,nitrogen,0,1007
niño,niñ,1,1008
niños,niñ,0,1009
nombre,nombr,4,1010
nombres,nombr,1,1011
nos,nos,9,1012
nosotros,nosotr,7,1013
noticieros,noticier,1,1014
novecientos,novecient,1,1015
nuestra,nuestr,4,1016
nueva,nuev,2,1017
nuevamente,nuev,1,1018
nuevas,nuev,2,1019
nuevo,nuev,2,1020
nuevos,nuev,1,1021
nunca,nunc,4,1022
núcleo,nucle,2,1023
número,numer,1,1024
obediencia,obedient,1,1025
obediente,obedient,1,1026
objeto,objet,9,1027
objetos,objet,3,1028
obra,obra,14,1029
obras,obras,3,1030
observar,observ,2,1031
obtener,obten,2,1032
ocasionalmente,ocasional,0,1033
oculta,ocult,1,1034
ocultamiento,ocult,0,1035
ocultas,ocult,1,1036
ofrecerle,ofrec,1,1037
ofrecían,ofrec,1,1038
ojo,ojo,2,1039
olímpicos,olimp,0,1040
omitiremos,omit,1,1041
omniabarcante,omniabarc,1,1042
operaciones,oper,1,1043
operación,oper,1,1044
opondríamos,opondr,1,1045
oponga,opong,1,1046
oportunidad,oportun,1,1047
oportunidades,oportun,1,1048
orden,orden,1,1049
ordenamiento,orden,1,1050
organizaciones,organiz,1,1051
organización,organiz,0,1052
organizarse,organiz,1,1053
origen,orig,1,1054
original,original,2,1055
originariamente,originari,1,1056
originario,originari,1,1057
otra,otra,3,1058
otras,otras,7,1059
otro,otro,2,1060
pacíficos,pacif,1,1061
paisaje,paisaj,1,1062
palabra,palabr,3,1063
palabras,palabr,4,1064
paradas,par,1,1065
parasitaria,parasitari,1,1066
parece,parec,3,1067
parecer,parec,0,1068
parecida,parec,1,1069
parecido,parec,0,1070
parte,part,4,1071
partes,part,4,1072
participa,particip,1,1073
partir,part,3,1074
pasa,pas,1,1075
pasado,pas,1,1076
pasó,pas,1,1077
pavonea,pavone,1,1078
país,pais,1,1079
peculiar,peculi,2,1080
peligro,peligr,4,1081
peligroso,peligr,1,1082
pelota,pelot,0,1083
película,pelicul,3,1084
películas,pelicul,3,1085
penetrado,penetr,1,1086
pensamos,pens,1,1087
pensar,pens,1,1088
pensemos,pens,1,1089
pequeña,pequeñ,1,1090
pequeñas,pequeñ,1,1091
percepción,percepcion,1,1092
perceptible,percept,1,1093
perder,perd,1,1094
pereat,pereat,1,1095
perfeccionada,perfeccion,1,1096
perfecta,perfect,1,1097
pericia,perici,1,1098
permanecer,permanec,2,1099
permanencia,permanent,1,1100
permanente,permanent,1,1101
permanentes,permanent,1,1102
permite,permit,1,1103
permitia,permiti,0,1104
permitir,permit,1,1105
persecución,persecu,1,1106
perseguir,persegu,1,1107
personal,personal,1,1108
personalmente,personal,1,1109
personas,person,2,1110
perspectiva,perspect,1,1111
pertenece,pertenec,3,1112
pertenecía,pertenec,1,1113
pertenencia,pertenent,2,1114
peso,pes,2,1115
pesquisas,pesquis,1,1116
physis,physis,0,1117
pintura,pintur,1,1118
placer,plac,1,1119
plata,plat,0,1120
plena,plen,2,1121
podamos,pod,1,1122
podemos,pod,2,1123
poder,pod,4,1124
poderosa,poder,1,1125
podido,pod,1,1126
podían,pod,1,1127
poesía,poes,0,1128
poeta,poet,1,1129
pogromos,pogrom,1,1130
poieis,poieis,0,1131
poiesis,poiesis,0,1132
poiético,poietic,0,1133
politización,politiz,1,1134
politécnica,politecn,0,1135
polos,pol,1,1136
política,polit,3,1137
pone,pon,12,1138
poner,pon,2,1139
porqué,porqu,1,1140
posibilidad,posibil,3,1141
posible,posibl,3,1142
posición,posicion,1,1143
pour,pour,1,1144
poético,poetic,0,1145
praxis,praxis,0,1146
precaria,precari,1,1147
precisamente,precis,4,1148
preciso,precis,1,1149
precondición,precondicion,1,1150
prefiguración,prefigur,1,1151
pregunta,pregunt,3,1152
preguntamos,pregunt,1,1153
preguntando,pregunt,1,1154
preguntar,pregunt,1,1155
prehistóricos,prehistor,2,1156
premisas,premis,1,1157
prensa,prens,2,1158
preparación,prepar,0,1159
presencia,presenci,5,1160
presenta,present,3,1161
presentarla,present,1,1162
presente,present,2,1163
preservamos,preserv,1,1164
presionan,presion,1,1165
prestamos,prest,2,1166
prestar,prest,1,1167
prestemos,prest,1,1168
pretender,pretend,1,1169
pretendidamente,pretendid,1,1170
prevenirla,preven,1,1171
prever,prev,1,1172
previamente,previ,1,1173
primer,prim,4,1174
primera,primer,10,1175
primeras,primer,1,1176
principal,principal,1,1177
principalmente,principal,2,1178
principio,principi,0,1179
privado,priv,1,1180
probable,probabl,1,1181
probablemente,probabl,1,1182
problemas,problem,2,1183
procedimiento,proced,2,1184
procedimientos,proced,3,1185
proceso,proces,7,1186
producción,produccion,5,1187
producido,produc,0,1188
producir,produc,4,1189
productivas,product,2,1190
producto,product,1,1191
productos,product,1,1192
producía,produc,0,1193
profesional,profesional,0,1194
profundamente,profund,1,1195
profundas,profund,1,1196
profundo,profund,0,1197
progresista,progres,1,1198
progresivo,progres,1,1199
progreso,progres,2,1200
prohibido,prohib,1,1201
prolongación,prolong,1,1202
promos,prom,0,1203
promotor,promotor,1,1204
pronto,pront,1,1205
propaganda,propagand,1,1206
propagandística,propagandist,1,1207
propagar,propag,1,1208
propia,propi,2,1209
propiedad,propied,1,1210
propiedades,propiedad,2,1211
propio,propi,1,1212
proporcionan,proporcion,1,1213
proporcionar,proporcion,1,1214
propósito,proposit,0,1215
protección,proteccion,1,1216
proteger,proteg,1,1217
provacado,provac,0,1218
provacante,provac,0,1219
provoca,provoc,1,1220
provocación,provoc,0,1221
provocado,provoc,0,1222
provocar,provoc,1,1223
proyectiles,proyectil,0,1224
prueba,prueb,1,1225
práctica,practic,1,1226
próximas,proxim,1,1227
próximo,proxim,1,1228
psicológicamente,psicolog,0,1229
psicológicas,psicolog,0,1230
psicológicos,psicolog,0,1231
publicar,public,1,1232
pudiera,pud,1,1233
pueda,pued,4,1234
puedan,pued,2,1235
puede,pued,20,1236
pueden,pued,2,1237
pues,pues,0,1238
puesta,puest,2,1239
puesto,puest,3,1240
punto,punt,6,1241
pura,pur,1,1242
puro,pur,1,1243
puso,pus,1,1244
pájaro,pajar,0,1245
pálida,pal,1,1246
pérdida,perd,1,1247
público,public,2,1248
que,que,189,1249
queda,qued,1,1250
querer,quer,3,1251
quiere,quier,4,1252
quintaesencia,quintaesent,1,1253
quizás,quizas,2,1254
qué,que,4,1255
química,quimic,1,1256
racionalidad,racional,2,1257
radicalmente,radical,3,1258
rasgo,rasg,1,1259
rasgos,rasg,0,1260
ratón,raton,1,1261
raza,raz,1,1262
razones,razon,0,1263
razón,razon,3,1264
re,re,2,1265
reacciona,reaccion,1,1266
reacciones,reaccion,1,1267
reactivarse,reactiv,0,1268
real,real,6,1269
reales,real,0,1270
realidad,realid,2,1271
realización,realiz,1,1272
realizar,realiz,1,1273
realmente,realment,1,1274
rebajarse,rebaj,1,1275
rebelión,rebelion,1,1276
recae,reca,1,1277
recaía,rec,1,1278
recepción,recepcion,1,1279
receptor,receptor,1,1280
receptores,receptor,0,1281
rechazarlo,rechaz,0,1282
recibió,recib,1,1283
recinto,recint,1,1284
reclamado,reclam,1,1285
reclamo,reclam,0,1286
reconcilie,reconcili,1,1287
reconoce,reconoc,1,1288
reconocida,reconoc,1,1289
reconocido,reconoc,1,1290
recta,rect,1,1291
recupera,recuper,1,1292
recursos,recurs,1,1293
reduce,reduc,1,1294
referida,refer,1,1295
refiere,refier,1,1296
reformada,reform,1,1297
reformarse,reform,1,1298
reformista,reform,0,1299
regulación,regul,1,1300
regular,regul,1,1301
rehusarse,rehus,1,1302
relaciones,relacion,2,1303
relación,relacion,3,1304
religiosa,religi,1,1305
renueva,renuev,1,1306
renuncie,renunci,1,1307
reparte,repart,1,1308
repartido,repart,2,1309
repartir,repart,0,1310
repetidos,repet,0,1311
reportaje,reportaj,1,1312
reposa,repos,1,1313
representaciones,represent,1,1314
representan,represent,3,1315
representemos,represent,1,1316
reproduccion,reproduccion,0,1317
reproducciones,reproduccion,1,1318
reproducción,reproduccion,8,1319
reproducido,reproduc,1,1320
reproducir,reproduc,1,1321
reproductibilidad,reproductibil,5,1322
requerida,requer,1,1323
requerimientos,requer,1,1324
requerir,requer,0,1325
requieren,requier,1,1326
resaca,resac,1,1327
resaltarse,resalt,0,1328
rescatar,rescat,1,1329
resistencia,resistent,1,1330
respecto,respect,2,1331
resplandecer,resplandec,1,1332
responde,respond,1,1333
responder,respond,1,1334
respuesta,respuest,1,1335
restantes,restant,1,1336
restricciones,restriccion,1,1337
restringir,restring,1,1338
resulta,result,3,1339
resultado,result,1,1340
resultados,result,0,1341
retenida,reten,1,1342
retirado,retir,1,1343
retroactuan,retroactu,0,1344
retrocediendo,retroced,1,1345
retrotraerse,retrotr,1,1346
reunidor,reunidor,1,1347
reuniente,reunient,1,1348
revolucionarias,revolucionari,0,1349
revolucionario,revolucionari,0,1350
revoluciones,revolu,1,1351
revolución,revolu,1,1352
reúne,reun,1,1353
ritmos,ritm,0,1354
ritual,ritual,1,1355
ritual29,ritual29,0,1356
rodamientos,rodamient,0,1357
romper,romp,1,1358
rígidamente,rigid,1,1359
saber,sab,1,1360
saberlo,sab,0,1361
saca,sac,2,1362
sacrificando,sacrific,1,1363
sacrificar,sacrific,1,1364
sacrificio,sacrifici,2,1365
salones,salon,0,1366
salvador,salvador,1,1367
satisfacción,satisfaccion,1,1368
satisfecha,satisfech,0,1369
schicken,schick,1,1370
seca,sec,0,1371
segmento,segment,1,1372
segunda,segund,13,1373
segundo,segund,1,1374
seguro,segur,1,1375
según,segun,1,1376
selección,seleccion,1,1377
semanales,semanal,0,1378
semiexperto,semiexpert,0,1379
sencillo,sencill,1,1380
seno,sen,1,1381
sensitivo,sensit,1,1382
sensorial,sensorial,1,1383
sentido,sent,8,1384
separa,sep,1,1385
ser,ser,19,1386
seres,ser,2,1387
seriamente,seri,0,1388
serie,seri,0,1389
servicio,servici,3,1390
servidumbre,servidumbr,1,1391
severa,sever,1,1392
señor,señor,1,1393
si,si,12,1394
sido,sid,2,1395
siempre,siempr,2,1396
siendo,siend,1,1397
significa,signif,5,1398
significación,signif,2,1399
sigue,sig,1,1400
siguiente,siguient,1,1401
simple,simpl,3,1402
simplemente,simplement,2,1403
singular,singul,1,1404
sino,sin,9,1405
sinobjeto,sinobjet,0,1406
sintomático,sintomat,0,1407
siquiera,siqu,1,1408
sistema,sistem,14,1409
situación,situacion,3,1410
sobrenatural,sobrenatural,1,1411
sobresaliente,sobresalient,1,1412
sobreviva,sobrev,1,1413
sobrevivir,sobreviv,0,1414
social,social,6,1415
sociales,social,3,1416
sociedad,socied,20,1417
sociedades,sociedad,1,1418
sola,sol,1,1419
solamente,sol,2,1420
solo,sol,0,1421
solución,solucion,0,1422
someter,somet,1,1423
someterse,somet,1,1424
sonoro,sonor,1,1425
subraya,subray,1,1426
sucede,suced,1,1427
suelo,suel,1,1428
suerte,suert,1,1429
suficientemente,suficient,1,1430
sugerente,sugerent,1,1431
sugerirá,suger,1,1432
sujeto,sujet,1,1433
sumisión,sumision,1,1434
supervisarse,supervis,1,1435
supremo,suprem,1,1436
supuesto,supuest,3,1437
supuestos,supuest,1,1438
surgimiento,surgimient,1,1439
surrealismo,surreal,0,1440
susceptible,suscept,1,1441
sustituida,sustitu,1,1442
sustitutivo,sustitut,1,1443
sustitutorias,sustitutori,1,1444
suyo,suy,0,1445
sí,si,11,1446
sólo,sol,28,1447
tal,tal,8,1448
tales,tal,1,1449
tambalea,tambale,1,1450
también,tambien,9,1451
tampoco,tampoc,2,1452
tan,tan,4,1453
tanta,tant,2,1454
tanto,tant,7,1455
tarde,tard,3,1456
techne,techn,5,1457
tecnica,tecnic,0,1458
tecnología,tecnolog,13,1459
tecnológica,tecnolog,3,1460
tecnológicamente,tecnolog,1,1461
tecnológicas,tecnolog,0,1462
tecnológico,tecnolog,5,1463
tecnológicoindustrial,tecnologicoindustrial,0,1464
teledirigidos,teledirig,0,1465
tendencia,tendenci,3,1466
tendencial,tendencial,1,1467
tensión,tension,2,1468
teoría,teor,0,1469
terracotas,terracot,1,1470
terroríficos,terrorif,1,1471
testificamos,testific,1,1472
testimonio,testimoni,2,1473
tiempo,tiemp,0,1474
tiempos,tiemp,3,1475
tiende,tiend,1,1476
tienen,tien,2,1477
tipo,tip,2,1478
toca,toc,1,1479
tocado,toc,1,1480
toda,tod,3,1481
todas,tod,7,1482
todavía,todav,4,1483
todo,tod,15,1484
tolerar,toler,1,1485
toma,tom,1,1486
tomar,tom,2,1487
tomarlo,tom,1,1488
totalidad,total,1,1489
totalitaria,totalitari,1,1490
trabajo,trabaj,5,1491
tradicion,tradicion,0,1492
tradición,tradicion,1,1493
traer,tra,2,1494
tranquilamente,tranquil,1,1495
transforma,transform,1,1496
transformaciones,transform,0,1497
transformación,transform,1,1498
transformada,transform,1,1499
transformado,transform,0,1500
transformar,transform,0,1501
transmitido,transmit,1,1502
traspasar,traspas,1,1503
trastornado,trastorn,0,1504
trata,trat,4,1505
trato,trat,1,1506
través,traves,5,1507
trayectoria,trayectori,0,1508
tripulación,tripul,1,1509
tráfico,trafic,2,1510
técnica,tecnic,66,1511
técnicamente,tecnic,0,1512
técnicas,tecnic,1,1513
técnico,tecnic,1,1514
técnicos,tecnic,2,1515
tétrico,tetric,1,1516
u,u,1,1517
unas,unas,1,1518
unica,unic,0,1519
unida,unid,0,1520
unificado,unific,1,1521
uniforme,uniform,1,1522
uranio,urani,0,1523
urgente,urgent,0,1524
usarla,usarl,0,1525
usos,usos,1,1526
utilidad,util,1,1527
utilización,utiliz,3,1528
utópicas,utop,0,1529
va,va,1,1530
vaciado,vaci,1,1531
vacuos,vacu,1,1532
vale,val,1,1533
valido,val,1,1534
valiosa,valios,1,1535
valor,valor,2,1536
valores,valor,1,1537
vamos,vam,1,1538
van,van,1,1539
variar,vari,1,1540
variedad,varied,1,1541
varillajes,varillaj,0,1542
ve,ve,2,1543
ver,ver,2,1544
verdad,verd,2,1545
vez,vez,6,1546
vida,vid,3,1547
vidas,vid,1,1548
vieja,viej,1,1549
viene,vien,1,1550
violento,violent,1,1551
virtud,virtud,1,1552
visión,vision,1,1553
vista,vist,2,1554
vitales,vital,1,1555
vivencia,vivenci,1,1556
vivir,viv,1,1557
vuelca,vuelc,1,1558
vuelo,vuel,1,1559
vuelto,vuelt,3,1560
vuelva,vuelv,1,1561
vuelve,vuelv,4,1562
válido,val,0,1563
vía,via,1,1564
y,y,107,1565
Ésta,esta,2,1566
Éste,este,1,1567
ámbito,ambit,9,1568
árbol,arbol,1,1569
árboles,arbol,0,1570
él,el,5,1571
época,epoc,1,1572
ésta,esta,3,1573
éste,este,2,1574
éticos,etic,0,1575
éxito,exit,1,1576
íntima,intim,1,1577
íntimamente,intim,1,1578
órgano,organ,1,1579
órganos,organ,2,1580
última,ultim,1,1581
últimas,ultim,2,1582
último,ultim,1,1583
única,unic,1,1584
únicamente,unic,1,1585
únicas,unic,2,1586
único,unic,2,1587
